{
    "items": [
      {
        "name": "Knight",
        "id": 26000000,
        "maxLevel": 14,
        "maxEvolutionLevel": 1,
        "elixirCost": 3,
        "iconUrls": {
          "medium": "https://api-assets.clashroyale.com/cards/300/jAj1Q5rclXxU9kVImGqSJxa4wEMfEhvwNQ_4jiGUuqg.png",
          "evolutionMedium": "https://api-assets.clashroyale.com/cardevolutions/300/jAj1Q5rclXxU9kVImGqSJxa4wEMfEhvwNQ_4jiGUuqg.png"
        },
        "rarity": "common"
      },
      {
        "name": "Archers",
        "id": 26000001,
        "maxLevel": 14,
        "maxEvolutionLevel": 1,
        "elixirCost": 3,
        "iconUrls": {
          "medium": "https://api-assets.clashroyale.com/cards/300/W4Hmp8MTSdXANN8KdblbtHwtsbt0o749BbxNqmJYfA8.png",
          "evolutionMedium": "https://api-assets.clashroyale.com/cardevolutions/300/W4Hmp8MTSdXANN8KdblbtHwtsbt0o749BbxNqmJYfA8.png"
        },
        "rarity": "common"
      },
      {
        "name": "Goblins",
        "id": 26000002,
        "maxLevel": 14,
        "elixirCost": 2,
        "iconUrls": {
          "medium": "https://api-assets.clashroyale.com/cards/300/X_DQUye_OaS3QN6VC9CPw05Fit7wvSm3XegXIXKP--0.png"
        },
        "rarity": "common"
      },
      {
        "name": "Giant",
        "id": 26000003,
        "maxLevel": 12,
        "elixirCost": 5,
        "iconUrls": {
          "medium": "https://api-assets.clashroyale.com/cards/300/Axr4ox5_b7edmLsoHxBX3vmgijAIibuF6RImTbqLlXE.png"
        },
        "rarity": "rare"
      },
      {
        "name": "P.E.K.K.A",
        "id": 26000004,
        "maxLevel": 9,
        "maxEvolutionLevel": 1,
        "elixirCost": 7,
        "iconUrls": {
          "medium": "https://api-assets.clashroyale.com/cards/300/MlArURKhn_zWAZY-Xj1qIRKLVKquarG25BXDjUQajNs.png",
          "evolutionMedium": "https://api-assets.clashroyale.com/cardevolutions/300/MlArURKhn_zWAZY-Xj1qIRKLVKquarG25BXDjUQajNs.png"
        },
        "rarity": "epic"
      },
      {
        "name": "Minions",
        "id": 26000005,
        "maxLevel": 14,
        "elixirCost": 3,
        "iconUrls": {
          "medium": "https://api-assets.clashroyale.com/cards/300/yHGpoEnmUWPGV_hBbhn-Kk-Bs838OjGzWzJJlQpQKQA.png"
        },
        "rarity": "common"
      },
      {
        "name": "Balloon",
        "id": 26000006,
        "maxLevel": 9,
        "elixirCost": 5,
        "iconUrls": {
          "medium": "https://api-assets.clashroyale.com/cards/300/qBipxLo-3hhCnPrApp2Nn3b2NgrSrvwzWytvREev0CY.png"
        },
        "rarity": "epic"
      },
      {
        "name": "Witch",
        "id": 26000007,
        "maxLevel": 9,
        "maxEvolutionLevel": 1,
        "elixirCost": 5,
        "iconUrls": {
          "medium": "https://api-assets.clashroyale.com/cards/300/cfwk1vzehVyHC-uloEIH6NOI0hOdofCutR5PyhIgO6w.png",
          "evolutionMedium": "https://api-assets.clashroyale.com/cardevolutions/300/cfwk1vzehVyHC-uloEIH6NOI0hOdofCutR5PyhIgO6w.png"
        },
        "rarity": "epic"
      },
      {
        "name": "Barbarians",
        "id": 26000008,
        "maxLevel": 14,
        "maxEvolutionLevel": 1,
        "elixirCost": 5,
        "iconUrls": {
          "medium": "https://api-assets.clashroyale.com/cards/300/TvJsuu2S4yhyk1jVYUAQwdKOnW4U77KuWWOTPOWnwfI.png",
          "evolutionMedium": "https://api-assets.clashroyale.com/cardevolutions/300/TvJsuu2S4yhyk1jVYUAQwdKOnW4U77KuWWOTPOWnwfI.png"
        },
        "rarity": "common"
      },
      {
        "name": "Golem",
        "id": 26000009,
        "maxLevel": 9,
        "elixirCost": 8,
        "iconUrls": {
          "medium": "https://api-assets.clashroyale.com/cards/300/npdmCnET7jmVjJvjJQkFnNSNnDxYHDBigbvIAloFMds.png"
        },
        "rarity": "epic"
      },
      {
        "name": "Skeletons",
        "id": 26000010,
        "maxLevel": 14,
        "maxEvolutionLevel": 1,
        "elixirCost": 1,
        "iconUrls": {
          "medium": "https://api-assets.clashroyale.com/cards/300/oO7iKMU5m0cdxhYPZA3nWQiAUh2yoGgdThLWB1rVSec.png",
          "evolutionMedium": "https://api-assets.clashroyale.com/cardevolutions/300/oO7iKMU5m0cdxhYPZA3nWQiAUh2yoGgdThLWB1rVSec.png"
        },
        "rarity": "common"
      },
      {
        "name": "Valkyrie",
        "id": 26000011,
        "maxLevel": 12,
        "maxEvolutionLevel": 1,
        "elixirCost": 4,
        "iconUrls": {
          "medium": "https://api-assets.clashroyale.com/cards/300/0lIoYf3Y_plFTzo95zZL93JVxpfb3MMgFDDhgSDGU9A.png",
          "evolutionMedium": "https://api-assets.clashroyale.com/cardevolutions/300/0lIoYf3Y_plFTzo95zZL93JVxpfb3MMgFDDhgSDGU9A.png"
        },
        "rarity": "rare"
      },
      {
        "name": "Skeleton Army",
        "id": 26000012,
        "maxLevel": 9,
        "elixirCost": 3,
        "iconUrls": {
          "medium": "https://api-assets.clashroyale.com/cards/300/fAOToOi1pRy7svN2xQS6mDkhQw2pj9m_17FauaNqyl4.png"
        },
        "rarity": "epic"
      },
      {
        "name": "Bomber",
        "id": 26000013,
        "maxLevel": 14,
        "maxEvolutionLevel": 1,
        "elixirCost": 2,
        "iconUrls": {
          "medium": "https://api-assets.clashroyale.com/cards/300/12n1CesxKIcqVYntjxcF36EFA-ONw7Z-DoL0_rQrbdo.png",
          "evolutionMedium": "https://api-assets.clashroyale.com/cardevolutions/300/12n1CesxKIcqVYntjxcF36EFA-ONw7Z-DoL0_rQrbdo.png"
        },
        "rarity": "common"
      },
      {
        "name": "Musketeer",
        "id": 26000014,
        "maxLevel": 12,
        "maxEvolutionLevel": 1,
        "elixirCost": 4,
        "iconUrls": {
          "medium": "https://api-assets.clashroyale.com/cards/300/Tex1C48UTq9FKtAX-3tzG0FJmc9jzncUZG3bb5Vf-Ds.png",
          "evolutionMedium": "https://api-assets.clashroyale.com/cardevolutions/300/Tex1C48UTq9FKtAX-3tzG0FJmc9jzncUZG3bb5Vf-Ds.png"
        },
        "rarity": "rare"
      },
      {
        "name": "Baby Dragon",
        "id": 26000015,
        "maxLevel": 9,
        "elixirCost": 4,
        "iconUrls": {
          "medium": "https://api-assets.clashroyale.com/cards/300/cjC9n4AvEZJ3urkVh-rwBkJ-aRSsydIMqSAV48hAih0.png"
        },
        "rarity": "epic"
      },
      {
        "name": "Prince",
        "id": 26000016,
        "maxLevel": 9,
        "elixirCost": 5,
        "iconUrls": {
          "medium": "https://api-assets.clashroyale.com/cards/300/3JntJV62aY0G1Qh6LIs-ek-0ayeYFY3VItpG7cb9I60.png"
        },
        "rarity": "epic"
      },
      {
        "name": "Wizard",
        "id": 26000017,
        "maxLevel": 12,
        "maxEvolutionLevel": 1,
        "elixirCost": 5,
        "iconUrls": {
          "medium": "https://api-assets.clashroyale.com/cards/300/Mej7vnv4H_3p_8qPs_N6_GKahy6HDr7pU7i9eTHS84U.png",
          "evolutionMedium": "https://api-assets.clashroyale.com/cardevolutions/300/Mej7vnv4H_3p_8qPs_N6_GKahy6HDr7pU7i9eTHS84U.png"
        },
        "rarity": "rare"
      },
      {
        "name": "Mini P.E.K.K.A",
        "id": 26000018,
        "maxLevel": 12,
        "elixirCost": 4,
        "iconUrls": {
          "medium": "https://api-assets.clashroyale.com/cards/300/Fmltc4j3Ve9vO_xhHHPEO3PRP3SmU2oKp2zkZQHRZT4.png"
        },
        "rarity": "rare"
      },
      {
        "name": "Spear Goblins",
        "id": 26000019,
        "maxLevel": 14,
        "elixirCost": 2,
        "iconUrls": {
          "medium": "https://api-assets.clashroyale.com/cards/300/FSDFotjaXidI4ku_WFpVCTWS1hKGnFh1sxX0lxM43_E.png"
        },
        "rarity": "common"
      },
      {
        "name": "Giant Skeleton",
        "id": 26000020,
        "maxLevel": 9,
        "elixirCost": 6,
        "iconUrls": {
          "medium": "https://api-assets.clashroyale.com/cards/300/0p0gd0XaVRu1Hb1iSG1hTYbz2AN6aEiZnhaAib5O8Z8.png"
        },
        "rarity": "epic"
      },
      {
        "name": "Hog Rider",
        "id": 26000021,
        "maxLevel": 12,
        "elixirCost": 4,
        "iconUrls": {
          "medium": "https://api-assets.clashroyale.com/cards/300/Ubu0oUl8tZkusnkZf8Xv9Vno5IO29Y-jbZ4fhoNJ5oc.png"
        },
        "rarity": "rare"
      },
      {
        "name": "Minion Horde",
        "id": 26000022,
        "maxLevel": 14,
        "elixirCost": 5,
        "iconUrls": {
          "medium": "https://api-assets.clashroyale.com/cards/300/Wyjq5l0IXHTkX9Rmpap6HaH08MvjbxFp1xBO9a47YSI.png"
        },
        "rarity": "common"
      },
      {
        "name": "Ice Wizard",
        "id": 26000023,
        "maxLevel": 6,
        "elixirCost": 3,
        "iconUrls": {
          "medium": "https://api-assets.clashroyale.com/cards/300/W3dkw0HTw9n1jB-zbknY2w3wHuyuLxSRIAV5fUT1SEY.png"
        },
        "rarity": "legendary"
      },
      {
        "name": "Royal Giant",
        "id": 26000024,
        "maxLevel": 14,
        "maxEvolutionLevel": 1,
        "elixirCost": 6,
        "iconUrls": {
          "medium": "https://api-assets.clashroyale.com/cards/300/mnlRaNtmfpQx2e6mp70sLd0ND-pKPF70Cf87_agEKg4.png",
          "evolutionMedium": "https://api-assets.clashroyale.com/cardevolutions/300/mnlRaNtmfpQx2e6mp70sLd0ND-pKPF70Cf87_agEKg4.png"
        },
        "rarity": "common"
      },
      {
        "name": "Guards",
        "id": 26000025,
        "maxLevel": 9,
        "elixirCost": 3,
        "iconUrls": {
          "medium": "https://api-assets.clashroyale.com/cards/300/1ArKfLJxYo6_NU_S9cAeIrfbXqWH0oULVJXedxBXQlU.png"
        },
        "rarity": "epic"
      },
      {
        "name": "Princess",
        "id": 26000026,
        "maxLevel": 6,
        "elixirCost": 3,
        "iconUrls": {
          "medium": "https://api-assets.clashroyale.com/cards/300/bAwMcqp9EKVIKH3ZLm_m0MqZFSG72zG-vKxpx8aKoVs.png"
        },
        "rarity": "legendary"
      },
      {
        "name": "Dark Prince",
        "id": 26000027,
        "maxLevel": 9,
        "elixirCost": 4,
        "iconUrls": {
          "medium": "https://api-assets.clashroyale.com/cards/300/M7fXlrKXHu2IvpSGpk36kXVstslbR08Bbxcy0jQcln8.png"
        },
        "rarity": "epic"
      },
      {
        "name": "Three Musketeers",
        "id": 26000028,
        "maxLevel": 12,
        "elixirCost": 9,
        "iconUrls": {
          "medium": "https://api-assets.clashroyale.com/cards/300/_J2GhbkX3vswaFk1wG-dopwiHyNc_YiPhwroiKF3Mek.png"
        },
        "rarity": "rare"
      },
      {
        "name": "Lava Hound",
        "id": 26000029,
        "maxLevel": 6,
        "elixirCost": 7,
        "iconUrls": {
          "medium": "https://api-assets.clashroyale.com/cards/300/unicRQ975sBY2oLtfgZbAI56ZvaWz7azj-vXTLxc0r8.png"
        },
        "rarity": "legendary"
      },
      {
        "name": "Ice Spirit",
        "id": 26000030,
        "maxLevel": 14,
        "maxEvolutionLevel": 1,
        "elixirCost": 1,
        "iconUrls": {
          "medium": "https://api-assets.clashroyale.com/cards/300/lv1budiafU9XmSdrDkk0NYyqASAFYyZ06CPysXKZXlA.png",
          "evolutionMedium": "https://api-assets.clashroyale.com/cardevolutions/300/lv1budiafU9XmSdrDkk0NYyqASAFYyZ06CPysXKZXlA.png"
        },
        "rarity": "common"
      },
      {
        "name": "Fire Spirit",
        "id": 26000031,
        "maxLevel": 14,
        "elixirCost": 1,
        "iconUrls": {
          "medium": "https://api-assets.clashroyale.com/cards/300/16-BqusVvynIgYI8_Jci3LDC-r8AI_xaIYLgXqtlmS8.png"
        },
        "rarity": "common"
      },
      {
        "name": "Miner",
        "id": 26000032,
        "maxLevel": 6,
        "elixirCost": 3,
        "iconUrls": {
          "medium": "https://api-assets.clashroyale.com/cards/300/Y4yWvdwBCg2FpAZgs8T09Gy34WOwpLZW-ttL52Ae8NE.png"
        },
        "rarity": "legendary"
      },
      {
        "name": "Sparky",
        "id": 26000033,
        "maxLevel": 6,
        "elixirCost": 6,
        "iconUrls": {
          "medium": "https://api-assets.clashroyale.com/cards/300/2GKMkBrArZXgQxf2ygFjDs4VvGYPbx8F6Lj_68iVhIM.png"
        },
        "rarity": "legendary"
      },
      {
        "name": "Bowler",
        "id": 26000034,
        "maxLevel": 9,
        "elixirCost": 5,
        "iconUrls": {
          "medium": "https://api-assets.clashroyale.com/cards/300/SU4qFXmbQXWjvASxVI6z9IJuTYolx4A0MKK90sTIE88.png"
        },
        "rarity": "epic"
      },
      {
        "name": "Lumberjack",
        "id": 26000035,
        "maxLevel": 6,
        "maxEvolutionLevel": 1,
        "elixirCost": 4,
        "iconUrls": {
          "medium": "https://api-assets.clashroyale.com/cards/300/E6RWrnCuk13xMX5OE1EQtLEKTZQV6B78d00y8PlXt6Q.png",
          "evolutionMedium": "https://api-assets.clashroyale.com/cardevolutions/300/E6RWrnCuk13xMX5OE1EQtLEKTZQV6B78d00y8PlXt6Q.png"
        },
        "rarity": "legendary"
      },
      {
        "name": "Battle Ram",
        "id": 26000036,
        "maxLevel": 12,
        "maxEvolutionLevel": 1,
        "elixirCost": 4,
        "iconUrls": {
          "medium": "https://api-assets.clashroyale.com/cards/300/dyc50V2cplKi4H7pq1B3I36pl_sEH5DQrNHboS_dbbM.png",
          "evolutionMedium": "https://api-assets.clashroyale.com/cardevolutions/300/dyc50V2cplKi4H7pq1B3I36pl_sEH5DQrNHboS_dbbM.png"
        },
        "rarity": "rare"
      },
      {
        "name": "Inferno Dragon",
        "id": 26000037,
        "maxLevel": 6,
        "elixirCost": 4,
        "iconUrls": {
          "medium": "https://api-assets.clashroyale.com/cards/300/y5HDbKtTbWG6En6TGWU0xoVIGs1-iQpIP4HC-VM7u8A.png"
        },
        "rarity": "legendary"
      },
      {
        "name": "Ice Golem",
        "id": 26000038,
        "maxLevel": 12,
        "elixirCost": 2,
        "iconUrls": {
          "medium": "https://api-assets.clashroyale.com/cards/300/r05cmpwV1o7i7FHodtZwW3fmjbXCW34IJCsDEV5cZC4.png"
        },
        "rarity": "rare"
      },
      {
        "name": "Mega Minion",
        "id": 26000039,
        "maxLevel": 12,
        "elixirCost": 3,
        "iconUrls": {
          "medium": "https://api-assets.clashroyale.com/cards/300/-T_e4YLbuhPBKbYnBwQfXgynNpp5eOIN_0RracYwL9c.png"
        },
        "rarity": "rare"
      },
      {
        "name": "Dart Goblin",
        "id": 26000040,
        "maxLevel": 12,
        "maxEvolutionLevel": 1,
        "elixirCost": 3,
        "iconUrls": {
          "medium": "https://api-assets.clashroyale.com/cards/300/BmpK3bqEAviflqHCdxxnfm-_l3pRPJw3qxHkwS55nCY.png",
          "evolutionMedium": "https://api-assets.clashroyale.com/cardevolutions/300/BmpK3bqEAviflqHCdxxnfm-_l3pRPJw3qxHkwS55nCY.png"
        },
        "rarity": "rare"
      },
      {
        "name": "Goblin Gang",
        "id": 26000041,
        "maxLevel": 14,
        "elixirCost": 3,
        "iconUrls": {
          "medium": "https://api-assets.clashroyale.com/cards/300/NHflxzVAQT4oAz7eDfdueqpictb5vrWezn1nuqFhE4w.png"
        },
        "rarity": "common"
      },
      {
        "name": "Electro Wizard",
        "id": 26000042,
        "maxLevel": 6,
        "elixirCost": 4,
        "iconUrls": {
          "medium": "https://api-assets.clashroyale.com/cards/300/RsFaHgB3w6vXsTjXdPr3x8l_GbV9TbOUCvIx07prbrQ.png"
        },
        "rarity": "legendary"
      },
      {
        "name": "Elite Barbarians",
        "id": 26000043,
        "maxLevel": 14,
        "elixirCost": 6,
        "iconUrls": {
          "medium": "https://api-assets.clashroyale.com/cards/300/C88C5JH_F3lLZj6K-tLcMo5DPjrFmvzIb1R2M6xCfTE.png"
        },
        "rarity": "common"
      },
      {
        "name": "Hunter",
        "id": 26000044,
        "maxLevel": 9,
        "maxEvolutionLevel": 1,
        "elixirCost": 4,
        "iconUrls": {
          "medium": "https://api-assets.clashroyale.com/cards/300/VNabB1WKnYtYRSG7X_FZfnZjQDHTBs9A96OGMFmecrA.png",
          "evolutionMedium": "https://api-assets.clashroyale.com/cardevolutions/300/VNabB1WKnYtYRSG7X_FZfnZjQDHTBs9A96OGMFmecrA.png"
        },
        "rarity": "epic"
      },
      {
        "name": "Executioner",
        "id": 26000045,
        "maxLevel": 9,
        "maxEvolutionLevel": 1,
        "elixirCost": 5,
        "iconUrls": {
          "medium": "https://api-assets.clashroyale.com/cards/300/9XL5BP2mqzV8kza6KF8rOxrpCZTyuGLp2l413DTjEoM.png",
          "evolutionMedium": "https://api-assets.clashroyale.com/cardevolutions/300/9XL5BP2mqzV8kza6KF8rOxrpCZTyuGLp2l413DTjEoM.png"
        },
        "rarity": "epic"
      },
      {
        "name": "Bandit",
        "id": 26000046,
        "maxLevel": 6,
        "elixirCost": 3,
        "iconUrls": {
          "medium": "https://api-assets.clashroyale.com/cards/300/QWDdXMKJNpv0go-HYaWQWP6p8uIOHjqn-zX7G0p3DyM.png"
        },
        "rarity": "legendary"
      },
      {
        "name": "Royal Recruits",
        "id": 26000047,
        "maxLevel": 14,
        "maxEvolutionLevel": 1,
        "elixirCost": 7,
        "iconUrls": {
          "medium": "https://api-assets.clashroyale.com/cards/300/jcNyYGUiXXNz3kuz8NBkHNKNREQKraXlb_Ts7rhCIdM.png",
          "evolutionMedium": "https://api-assets.clashroyale.com/cardevolutions/300/jcNyYGUiXXNz3kuz8NBkHNKNREQKraXlb_Ts7rhCIdM.png"
        },
        "rarity": "common"
      },
      {
        "name": "Night Witch",
        "id": 26000048,
        "maxLevel": 6,
        "elixirCost": 4,
        "iconUrls": {
          "medium": "https://api-assets.clashroyale.com/cards/300/NpCrXDEDBBJgNv9QrBAcJmmMFbS7pe3KCY8xJ5VB18A.png"
        },
        "rarity": "legendary"
      },
      {
        "name": "Bats",
        "id": 26000049,
        "maxLevel": 14,
        "maxEvolutionLevel": 1,
        "elixirCost": 2,
        "iconUrls": {
          "medium": "https://api-assets.clashroyale.com/cards/300/EnIcvO21hxiNpoI-zO6MDjLmzwPbq8Z4JPo2OKoVUjU.png",
          "evolutionMedium": "https://api-assets.clashroyale.com/cardevolutions/300/EnIcvO21hxiNpoI-zO6MDjLmzwPbq8Z4JPo2OKoVUjU.png"
        },
        "rarity": "common"
      },
      {
        "name": "Royal Ghost",
        "id": 26000050,
        "maxLevel": 6,
        "elixirCost": 3,
        "iconUrls": {
          "medium": "https://api-assets.clashroyale.com/cards/300/3En2cz0ISQAaMTHY3hj3rTveFN2kJYq-H4VxvdJNvCM.png"
        },
        "rarity": "legendary"
      },
      {
        "name": "Ram Rider",
        "id": 26000051,
        "maxLevel": 6,
        "elixirCost": 5,
        "iconUrls": {
          "medium": "https://api-assets.clashroyale.com/cards/300/QaJyerT7f7oMyZ3Fv1glKymtLSvx7YUXisAulxl7zRI.png"
        },
        "rarity": "legendary"
      },
      {
        "name": "Zappies",
        "id": 26000052,
        "maxLevel": 12,
        "elixirCost": 4,
        "iconUrls": {
          "medium": "https://api-assets.clashroyale.com/cards/300/QZfHRpLRmutZbCr5fpLnTpIp89vLI6NrAwzGZ8tHEc4.png"
        },
        "rarity": "rare"
      },
      {
        "name": "Rascals",
        "id": 26000053,
        "maxLevel": 14,
        "elixirCost": 5,
        "iconUrls": {
          "medium": "https://api-assets.clashroyale.com/cards/300/KV48DfwVHKx9XCjzBdk3daT_Eb52Me4VgjVO7WctRc4.png"
        },
        "rarity": "common"
      },
      {
        "name": "Cannon Cart",
        "id": 26000054,
        "maxLevel": 9,
        "elixirCost": 5,
        "iconUrls": {
          "medium": "https://api-assets.clashroyale.com/cards/300/aqwxRz8HXzqlMCO4WMXNA1txynjXTsLinknqsgZLbok.png"
        },
        "rarity": "epic"
      },
      {
        "name": "Mega Knight",
        "id": 26000055,
        "maxLevel": 6,
        "maxEvolutionLevel": 1,
        "elixirCost": 7,
        "iconUrls": {
          "medium": "https://api-assets.clashroyale.com/cards/300/O2NycChSNhn_UK9nqBXUhhC_lILkiANzPuJjtjoz0CE.png",
          "evolutionMedium": "https://api-assets.clashroyale.com/cardevolutions/300/O2NycChSNhn_UK9nqBXUhhC_lILkiANzPuJjtjoz0CE.png"
        },
        "rarity": "legendary"
      },
      {
        "name": "Skeleton Barrel",
        "id": 26000056,
        "maxLevel": 14,
        "elixirCost": 3,
        "iconUrls": {
          "medium": "https://api-assets.clashroyale.com/cards/300/vCB4DWCcrGbTkarjcOiVz4aNDx6GWLm0yUepg9E1MGo.png"
        },
        "rarity": "common"
      },
      {
        "name": "Flying Machine",
        "id": 26000057,
        "maxLevel": 12,
        "elixirCost": 4,
        "iconUrls": {
          "medium": "https://api-assets.clashroyale.com/cards/300/hzKNE3QwFcrSrDDRuVW3QY_OnrDPijSiIp-PsWgFevE.png"
        },
        "rarity": "rare"
      },
      {
        "name": "Wall Breakers",
        "id": 26000058,
        "maxLevel": 9,
        "maxEvolutionLevel": 1,
        "elixirCost": 2,
        "iconUrls": {
          "medium": "https://api-assets.clashroyale.com/cards/300/_xPphEfC8eEwFNrfU3cMQG9-f5JaLQ31ARCA7l3XtW4.png",
          "evolutionMedium": "https://api-assets.clashroyale.com/cardevolutions/300/_xPphEfC8eEwFNrfU3cMQG9-f5JaLQ31ARCA7l3XtW4.png"
        },
        "rarity": "epic"
      },
      {
        "name": "Royal Hogs",
        "id": 26000059,
        "maxLevel": 12,
        "elixirCost": 5,
        "iconUrls": {
          "medium": "https://api-assets.clashroyale.com/cards/300/ASSQJG_MoVq9e81HZzo4bynMnyLNpNJMfSLb3hqydOw.png"
        },
        "rarity": "rare"
      },
      {
        "name": "Goblin Giant",
        "id": 26000060,
        "maxLevel": 9,
        "maxEvolutionLevel": 1,
        "elixirCost": 6,
        "iconUrls": {
          "medium": "https://api-assets.clashroyale.com/cards/300/SoW16cY3jXBwaTDvb39DkqiVsoFVaDWbzf5QBYphJrY.png",
          "evolutionMedium": "https://api-assets.clashroyale.com/cardevolutions/300/SoW16cY3jXBwaTDvb39DkqiVsoFVaDWbzf5QBYphJrY.png"
        },
        "rarity": "epic"
      },
      {
        "name": "Fisherman",
        "id": 26000061,
        "maxLevel": 6,
        "elixirCost": 3,
        "iconUrls": {
          "medium": "https://api-assets.clashroyale.com/cards/300/U2KZ3g0wyufcuA5P2Xrn3Z3lr1WiJmc5S0IWOZHgizQ.png"
        },
        "rarity": "legendary"
      },
      {
        "name": "Magic Archer",
        "id": 26000062,
        "maxLevel": 6,
        "elixirCost": 4,
        "iconUrls": {
          "medium": "https://api-assets.clashroyale.com/cards/300/Avli3W7BxU9HQ2SoLiXnBgGx25FoNXUSFm7OcAk68ek.png"
        },
        "rarity": "legendary"
      },
      {
        "name": "Electro Dragon",
        "id": 26000063,
        "maxLevel": 9,
        "maxEvolutionLevel": 1,
        "elixirCost": 5,
        "iconUrls": {
          "medium": "https://api-assets.clashroyale.com/cards/300/tN9h6lnMNPCNsx0LMFmvpHgznbDZ1fBRkx-C7UfNmfY.png",
          "evolutionMedium": "https://api-assets.clashroyale.com/cardevolutions/300/tN9h6lnMNPCNsx0LMFmvpHgznbDZ1fBRkx-C7UfNmfY.png"
        },
        "rarity": "epic"
      },
      {
        "name": "Firecracker",
        "id": 26000064,
        "maxLevel": 14,
        "maxEvolutionLevel": 1,
        "elixirCost": 3,
        "iconUrls": {
          "medium": "https://api-assets.clashroyale.com/cards/300/c1rL3LO1U2D9-TkeFfAC18gP3AO8ztSwrcHMZplwL2Q.png",
          "evolutionMedium": "https://api-assets.clashroyale.com/cardevolutions/300/c1rL3LO1U2D9-TkeFfAC18gP3AO8ztSwrcHMZplwL2Q.png"
        },
        "rarity": "common"
      },
      {
        "name": "Mighty Miner",
        "id": 26000065,
        "maxLevel": 4,
        "elixirCost": 4,
        "iconUrls": {
          "medium": "https://api-assets.clashroyale.com/cards/300/Cd9R56yraxTvJiD8xJ2qT2OdsHyh94FqOAarXpbyelo.png"
        },
        "rarity": "champion"
      },
      {
        "name": "Elixir Golem",
        "id": 26000067,
        "maxLevel": 12,
        "elixirCost": 3,
        "iconUrls": {
          "medium": "https://api-assets.clashroyale.com/cards/300/puhMsZjCIqy21HW3hYxjrk_xt8NIPyFqjRy-BeLKZwo.png"
        },
        "rarity": "rare"
      },
      {
        "name": "Battle Healer",
        "id": 26000068,
        "maxLevel": 12,
        "elixirCost": 4,
        "iconUrls": {
          "medium": "https://api-assets.clashroyale.com/cards/300/KdwXcoigS2Kg-cgA7BJJIANbUJG6SNgjetRQ-MegZ08.png"
        },
        "rarity": "rare"
      },
      {
        "name": "Skeleton King",
        "id": 26000069,
        "maxLevel": 4,
        "elixirCost": 4,
        "iconUrls": {
          "medium": "https://api-assets.clashroyale.com/cards/300/dCd69_wN9f8DxwuqOGtR4QgWhHIPIaTNxZ1e23RzAAc.png"
        },
        "rarity": "champion"
      },
      {
        "name": "Archer Queen",
        "id": 26000072,
        "maxLevel": 4,
        "elixirCost": 5,
        "iconUrls": {
          "medium": "https://api-assets.clashroyale.com/cards/300/p7OQmOAFTery7zCzlpDdm-LOD1kINTm42AwIHchZfWk.png"
        },
        "rarity": "champion"
      },
      {
        "name": "Golden Knight",
        "id": 26000074,
        "maxLevel": 4,
        "elixirCost": 4,
        "iconUrls": {
          "medium": "https://api-assets.clashroyale.com/cards/300/WJd207D0O1sN-l1FTb8P9KhYL2oF5jY26vRUfTUW3FQ.png"
        },
        "rarity": "champion"
      },
      {
        "name": "Monk",
        "id": 26000077,
        "maxLevel": 4,
        "elixirCost": 5,
        "iconUrls": {
          "medium": "https://api-assets.clashroyale.com/cards/300/2onG4t4-CxqwFVZAn6zpWxFz3_mG2ksSj4Q7zldo1SM.png"
        },
        "rarity": "champion"
      },
      {
        "name": "Skeleton Dragons",
        "id": 26000080,
        "maxLevel": 14,
        "elixirCost": 4,
        "iconUrls": {
          "medium": "https://api-assets.clashroyale.com/cards/300/qPOtg9uONh47_NLxGhhFc_ww9PlZ6z3Ry507q1NZUXs.png"
        },
        "rarity": "common"
      },
      {
        "name": "Mother Witch",
        "id": 26000083,
        "maxLevel": 6,
        "elixirCost": 4,
        "iconUrls": {
          "medium": "https://api-assets.clashroyale.com/cards/300/fO-Xah8XZkYKaSK9SCp3wnzwxtvIhun9NVY-zzte1Ng.png"
        },
        "rarity": "legendary"
      },
      {
        "name": "Electro Spirit",
        "id": 26000084,
        "maxLevel": 14,
        "elixirCost": 1,
        "iconUrls": {
          "medium": "https://api-assets.clashroyale.com/cards/300/WKd4-IAFsgPpMo7dDi9sujmYjRhOMEWiE07OUJpvD9g.png"
        },
        "rarity": "common"
      },
      {
        "name": "Electro Giant",
        "id": 26000085,
        "maxLevel": 9,
        "elixirCost": 7,
        "iconUrls": {
          "medium": "https://api-assets.clashroyale.com/cards/300/_uChZkNHAMq6tPb3v6A49xinOe3CnhjstOhG6OZbPYc.png"
        },
        "rarity": "epic"
      },
      {
        "name": "Phoenix",
        "id": 26000087,
        "maxLevel": 6,
        "elixirCost": 4,
        "iconUrls": {
          "medium": "https://api-assets.clashroyale.com/cards/300/i0RoY1fs6ay7VAxyFEfZGIPnD002nAKcne9FtJsWBHM.png"
        },
        "rarity": "legendary"
      },
      {
        "name": "Little Prince",
        "id": 26000093,
        "maxLevel": 4,
        "elixirCost": 3,
        "iconUrls": {
          "medium": "https://api-assets.clashroyale.com/cards/300/dY-gSseki6KBpkIG17safHH5YlB8SErFZO9OXbJxf9w.png"
        },
        "rarity": "champion"
      },
      {
        "name": "Goblin Demolisher",
        "id": 26000095,
        "maxLevel": 12,
        "elixirCost": 4,
        "iconUrls": {
          "medium": "https://api-assets.clashroyale.com/cards/300/KVVOgdn40xasFLYuQv8Go_U_LCV7wSG9q9eE1H7f3Qk.png"
        },
        "rarity": "rare"
      },
      {
        "name": "Goblin Machine",
        "id": 26000096,
        "maxLevel": 6,
        "elixirCost": 5,
        "iconUrls": {
          "medium": "https://api-assets.clashroyale.com/cards/300/-iLlotr6GCFndL_1BSBqWBb6DnsHBhLerd5EblZDNfU.png"
        },
        "rarity": "legendary"
      },
      {
        "name": "Suspicious Bush",
        "id": 26000097,
        "maxLevel": 12,
        "elixirCost": 2,
        "iconUrls": {
          "medium": "https://api-assets.clashroyale.com/cards/300/vqTzGAjseQv9F5rf4tsFWeocvg0dyPw1j_nB1cmDZfI.png"
        },
        "rarity": "rare"
      },
      {
        "name": "Goblinstein",
        "id": 26000099,
        "maxLevel": 4,
        "elixirCost": 5,
        "iconUrls": {
          "medium": "https://api-assets.clashroyale.com/cards/300/mQ20B49dXdk7Nv0lMdLw175M3YvkSpN6KNnho8UKBd8.png"
        },
        "rarity": "champion"
      },
      {
        "name": "Rune Giant",
        "id": 26000101,
        "maxLevel": 9,
        "elixirCost": 4,
        "iconUrls": {
          "medium": "https://api-assets.clashroyale.com/cards/300/UogMnGHQXT-TOVXRxslKdAKXUPhqUvrD_hV9x8lbzdE.png"
        },
        "rarity": "epic"
      },
      {
        "name": "Berserker",
        "id": 26000102,
        "maxLevel": 14,
        "elixirCost": 2,
        "iconUrls": {
          "medium": "https://api-assets.clashroyale.com/cards/300/NA6W8S1JBYBlOPwD3dNvJLFvVDKq-UuBs_J3i3ewLFI.png"
        },
        "rarity": "common"
      },
      {
        "name": "Boss Bandit",
        "id": 26000103,
        "maxLevel": 4,
        "elixirCost": 6,
        "iconUrls": {
          "medium": "https://api-assets.clashroyale.com/cards/300/nuceG9o7rAyvyc7D3sp2QSiRYtSOEgraq0NJkDf729s.png"
        },
        "rarity": "champion"
      },
      {
        "name": "Cannon",
        "id": 27000000,
        "maxLevel": 14,
        "maxEvolutionLevel": 1,
        "elixirCost": 3,
        "iconUrls": {
          "medium": "https://api-assets.clashroyale.com/cards/300/nZK1y-beLxO5vnlyUhK6-2zH2NzXJwqykcosqQ1cmZ8.png",
          "evolutionMedium": "https://api-assets.clashroyale.com/cardevolutions/300/nZK1y-beLxO5vnlyUhK6-2zH2NzXJwqykcosqQ1cmZ8.png"
        },
        "rarity": "common"
      },
      {
        "name": "Goblin Hut",
        "id": 27000001,
        "maxLevel": 12,
        "elixirCost": 4,
        "iconUrls": {
          "medium": "https://api-assets.clashroyale.com/cards/300/l8ZdzzNLcwB4u7ihGgxNFQOjCT_njFuAhZr7D6PRF7E.png"
        },
        "rarity": "rare"
      },
      {
        "name": "Mortar",
        "id": 27000002,
        "maxLevel": 14,
        "maxEvolutionLevel": 1,
        "elixirCost": 4,
        "iconUrls": {
          "medium": "https://api-assets.clashroyale.com/cards/300/lPOSw6H7YOHq2miSCrf7ZDL3ANjhJdPPDYOTujdNrVE.png",
          "evolutionMedium": "https://api-assets.clashroyale.com/cardevolutions/300/lPOSw6H7YOHq2miSCrf7ZDL3ANjhJdPPDYOTujdNrVE.png"
        },
        "rarity": "common"
      },
      {
        "name": "Inferno Tower",
        "id": 27000003,
        "maxLevel": 12,
        "elixirCost": 5,
        "iconUrls": {
          "medium": "https://api-assets.clashroyale.com/cards/300/GSHY_wrooMMLET6bG_WJB8redtwx66c4i80ipi4gYOM.png"
        },
        "rarity": "rare"
      },
      {
        "name": "Bomb Tower",
        "id": 27000004,
        "maxLevel": 12,
        "elixirCost": 4,
        "iconUrls": {
          "medium": "https://api-assets.clashroyale.com/cards/300/rirYRyHPc97emRjoH-c1O8uZCBzPVnToaGuNGusF3TQ.png"
        },
        "rarity": "rare"
      },
      {
        "name": "Barbarian Hut",
        "id": 27000005,
        "maxLevel": 12,
        "elixirCost": 6,
        "iconUrls": {
          "medium": "https://api-assets.clashroyale.com/cards/300/ho0nOG2y3Ch86elHHcocQs8Fv_QNe0cFJ2CijsxABZA.png"
        },
        "rarity": "rare"
      },
      {
        "name": "Tesla",
        "id": 27000006,
        "maxLevel": 14,
        "maxEvolutionLevel": 1,
        "elixirCost": 4,
        "iconUrls": {
          "medium": "https://api-assets.clashroyale.com/cards/300/OiwnGrxFMNiHetYEerE-UZt0L_uYNzFY7qV_CA_OxR4.png",
          "evolutionMedium": "https://api-assets.clashroyale.com/cardevolutions/300/OiwnGrxFMNiHetYEerE-UZt0L_uYNzFY7qV_CA_OxR4.png"
        },
        "rarity": "common"
      },
      {
        "name": "Elixir Collector",
        "id": 27000007,
        "maxLevel": 12,
        "elixirCost": 6,
        "iconUrls": {
          "medium": "https://api-assets.clashroyale.com/cards/300/BGLo3Grsp81c72EpxLLk-Sofk3VY56zahnUNOv3JcT0.png"
        },
        "rarity": "rare"
      },
      {
        "name": "X-Bow",
        "id": 27000008,
        "maxLevel": 9,
        "elixirCost": 6,
        "iconUrls": {
          "medium": "https://api-assets.clashroyale.com/cards/300/zVQ9Hme1hlj9Dc6e1ORl9xWwglcSrP7ejow5mAhLUJc.png"
        },
        "rarity": "epic"
      },
      {
        "name": "Tombstone",
        "id": 27000009,
        "maxLevel": 12,
        "elixirCost": 3,
        "iconUrls": {
          "medium": "https://api-assets.clashroyale.com/cards/300/LjSfSbwQfkZuRJY4pVxKspZ-a0iM5KAhU8w-a_N5Z7Y.png"
        },
        "rarity": "rare"
      },
      {
        "name": "Furnace",
        "id": 27000010,
        "maxLevel": 12,
        "elixirCost": 4,
        "iconUrls": {
          "medium": "https://api-assets.clashroyale.com/cards/300/iqbDiG7yYRIzvCPXdt9zPb3IvMt7F7Gi4wIPnh2x4aI.png"
        },
        "rarity": "rare"
      },
      {
        "name": "Goblin Cage",
        "id": 27000012,
        "maxLevel": 12,
        "maxEvolutionLevel": 1,
        "elixirCost": 4,
        "iconUrls": {
          "medium": "https://api-assets.clashroyale.com/cards/300/vD24bBgK4rSq7wx5QEbuqChtPMRFviL_ep76GwQw1yA.png",
          "evolutionMedium": "https://api-assets.clashroyale.com/cardevolutions/300/vD24bBgK4rSq7wx5QEbuqChtPMRFviL_ep76GwQw1yA.png"
        },
        "rarity": "rare"
      },
      {
        "name": "Goblin Drill",
        "id": 27000013,
        "maxLevel": 9,
        "maxEvolutionLevel": 1,
        "elixirCost": 4,
        "iconUrls": {
          "medium": "https://api-assets.clashroyale.com/cards/300/eN2TKUYbih-26yBi0xy5LVFOA0zDftgDqxxnVfdIg1o.png",
          "evolutionMedium": "https://api-assets.clashroyale.com/cardevolutions/300/eN2TKUYbih-26yBi0xy5LVFOA0zDftgDqxxnVfdIg1o.png"
        },
        "rarity": "epic"
      },
      {
        "name": "Fireball",
        "id": 28000000,
        "maxLevel": 12,
        "elixirCost": 4,
        "iconUrls": {
          "medium": "https://api-assets.clashroyale.com/cards/300/lZD9MILQv7O-P3XBr_xOLS5idwuz3_7Ws9G60U36yhc.png"
        },
        "rarity": "rare"
      },
      {
        "name": "Arrows",
        "id": 28000001,
        "maxLevel": 14,
        "elixirCost": 3,
        "iconUrls": {
          "medium": "https://api-assets.clashroyale.com/cards/300/Flsoci-Y6y8ZFVi5uRFTmgkPnCmMyMVrU7YmmuPvSBo.png"
        },
        "rarity": "common"
      },
      {
        "name": "Rage",
        "id": 28000002,
        "maxLevel": 9,
        "elixirCost": 2,
        "iconUrls": {
          "medium": "https://api-assets.clashroyale.com/cards/300/bGP21OOmcpHMJ5ZA79bHVV2D-NzPtDkvBskCNJb7pg0.png"
        },
        "rarity": "epic"
      },
      {
        "name": "Rocket",
        "id": 28000003,
        "maxLevel": 12,
        "elixirCost": 6,
        "iconUrls": {
          "medium": "https://api-assets.clashroyale.com/cards/300/Ie07nQNK9CjhKOa4-arFAewi4EroqaA-86Xo7r5tx94.png"
        },
        "rarity": "rare"
      },
      {
        "name": "Goblin Barrel",
        "id": 28000004,
        "maxLevel": 9,
        "maxEvolutionLevel": 1,
        "elixirCost": 3,
        "iconUrls": {
          "medium": "https://api-assets.clashroyale.com/cards/300/CoZdp5PpsTH858l212lAMeJxVJ0zxv9V-f5xC8Bvj5g.png",
          "evolutionMedium": "https://api-assets.clashroyale.com/cardevolutions/300/CoZdp5PpsTH858l212lAMeJxVJ0zxv9V-f5xC8Bvj5g.png"
        },
        "rarity": "epic"
      },
      {
        "name": "Freeze",
        "id": 28000005,
        "maxLevel": 9,
        "elixirCost": 4,
        "iconUrls": {
          "medium": "https://api-assets.clashroyale.com/cards/300/I1M20_Zs_p_BS1NaNIVQjuMJkYI_1-ePtwYZahn0JXQ.png"
        },
        "rarity": "epic"
      },
      {
        "name": "Mirror",
        "id": 28000006,
        "maxLevel": 9,
        "iconUrls": {
          "medium": "https://api-assets.clashroyale.com/cards/300/wC6Cm9rKLEOk72zTsukVwxewKIoO4ZcMJun54zCPWvA.png"
        },
        "rarity": "epic"
      },
      {
        "name": "Lightning",
        "id": 28000007,
        "maxLevel": 9,
        "elixirCost": 6,
        "iconUrls": {
          "medium": "https://api-assets.clashroyale.com/cards/300/fpnESbYqe5GyZmaVVYe-SEu7tE0Kxh_HZyVigzvLjks.png"
        },
        "rarity": "epic"
      },
      {
        "name": "Zap",
        "id": 28000008,
        "maxLevel": 14,
        "maxEvolutionLevel": 1,
        "elixirCost": 2,
        "iconUrls": {
          "medium": "https://api-assets.clashroyale.com/cards/300/7dxh2-yCBy1x44GrBaL29vjqnEEeJXHEAlsi5g6D1eY.png",
          "evolutionMedium": "https://api-assets.clashroyale.com/cardevolutions/300/7dxh2-yCBy1x44GrBaL29vjqnEEeJXHEAlsi5g6D1eY.png"
        },
        "rarity": "common"
      },
      {
        "name": "Poison",
        "id": 28000009,
        "maxLevel": 9,
        "elixirCost": 4,
        "iconUrls": {
          "medium": "https://api-assets.clashroyale.com/cards/300/98HDkG2189yOULcVG9jz2QbJKtfuhH21DIrIjkOjxI8.png"
        },
        "rarity": "epic"
      },
      {
        "name": "Graveyard",
        "id": 28000010,
        "maxLevel": 6,
        "elixirCost": 5,
        "iconUrls": {
          "medium": "https://api-assets.clashroyale.com/cards/300/Icp8BIyyfBTj1ncCJS7mb82SY7TPV-MAE-J2L2R48DI.png"
        },
        "rarity": "legendary"
      },
      {
        "name": "The Log",
        "id": 28000011,
        "maxLevel": 6,
        "elixirCost": 2,
        "iconUrls": {
          "medium": "https://api-assets.clashroyale.com/cards/300/_iDwuDLexHPFZ_x4_a0eP-rxCS6vwWgTs6DLauwwoaY.png"
        },
        "rarity": "legendary"
      },
      {
        "name": "Tornado",
        "id": 28000012,
        "maxLevel": 9,
        "elixirCost": 3,
        "iconUrls": {
          "medium": "https://api-assets.clashroyale.com/cards/300/QJB-QK1QJHdw4hjpAwVSyZBozc2ZWAR9pQ-SMUyKaT0.png"
        },
        "rarity": "epic"
      },
      {
        "name": "Clone",
        "id": 28000013,
        "maxLevel": 9,
        "elixirCost": 3,
        "iconUrls": {
          "medium": "https://api-assets.clashroyale.com/cards/300/mHVCet-1TkwWq-pxVIU2ZWY9_2z7Z7wtP25ArEUsP_g.png"
        },
        "rarity": "epic"
      },
      {
        "name": "Earthquake",
        "id": 28000014,
        "maxLevel": 12,
        "elixirCost": 3,
        "iconUrls": {
          "medium": "https://api-assets.clashroyale.com/cards/300/XeQXcrUu59C52DslyZVwCnbi4yamID-WxfVZLShgZmE.png"
        },
        "rarity": "rare"
      },
      {
        "name": "Barbarian Barrel",
        "id": 28000015,
        "maxLevel": 9,
        "elixirCost": 2,
        "iconUrls": {
          "medium": "https://api-assets.clashroyale.com/cards/300/Gb0G1yNy0i5cIGUHin8uoFWxqntNtRPhY_jeMXg7HnA.png"
        },
        "rarity": "epic"
      },
      {
        "name": "Heal Spirit",
        "id": 28000016,
        "maxLevel": 12,
        "elixirCost": 1,
        "iconUrls": {
          "medium": "https://api-assets.clashroyale.com/cards/300/GITl06sa2nGRLPvboyXbGEv5E3I-wAwn1Eqa5esggbc.png"
        },
        "rarity": "rare"
      },
      {
        "name": "Giant Snowball",
        "id": 28000017,
        "maxLevel": 14,
        "maxEvolutionLevel": 1,
        "elixirCost": 2,
        "iconUrls": {
          "medium": "https://api-assets.clashroyale.com/cards/300/7MaJLa6hK9WN2_VIshuh5DIDfGwm0wEv98gXtAxLDPs.png",
          "evolutionMedium": "https://api-assets.clashroyale.com/cardevolutions/300/7MaJLa6hK9WN2_VIshuh5DIDfGwm0wEv98gXtAxLDPs.png"
        },
        "rarity": "common"
      },
      {
        "name": "Royal Delivery",
        "id": 28000018,
        "maxLevel": 14,
        "elixirCost": 3,
        "iconUrls": {
          "medium": "https://api-assets.clashroyale.com/cards/300/LPg7AGjGI3_xmi7gLLgGC50yKM1jJ2teWkZfoHJcIZo.png"
        },
        "rarity": "common"
      },
      {
        "name": "Void",
        "id": 28000023,
        "maxLevel": 9,
        "elixirCost": 3,
        "iconUrls": {
          "medium": "https://api-assets.clashroyale.com/cards/300/BykyeWDqzn4PlHSszu3NbrXT1mHxW2EA8vHbQGR5LDE.png"
        },
        "rarity": "epic"
      },
      {
        "name": "Goblin Curse",
        "id": 28000024,
        "maxLevel": 9,
        "elixirCost": 2,
        "iconUrls": {
          "medium": "https://api-assets.clashroyale.com/cards/300/OQPfGgT5mHEUvPuKKt0plZT0PNtIjCqUgQ3Rm86dQ2k.png"
        },
        "rarity": "epic"
      }
    ],
    "supportItems": [
      {
        "name": "Tower Princess",
        "id": 159000000,
        "maxLevel": 14,
        "iconUrls": {
          "medium": "https://api-assets.clashroyale.com/cards/300/Nzo5Gjbh7NG6O3Hyu7ev54Pu5zK7vDMR2fbpGdVsS64.png"
        },
        "rarity": "common"
      },
      {
        "name": "Cannoneer",
        "id": 159000001,
        "maxLevel": 9,
        "iconUrls": {
          "medium": "https://api-assets.clashroyale.com/cards/300/cUfU4UowRdbIiRvxv0ns4ezQUNndJTy7D2q4I_K_fzg.png"
        },
        "rarity": "epic"
      },
      {
        "name": "Dagger Duchess",
        "id": 159000002,
        "maxLevel": 6,
        "iconUrls": {
          "medium": "https://api-assets.clashroyale.com/cards/300/MVj028nMLCmBuP3HlV503uxVAxFg7jyliJVZ5JYJ1h8.png"
        },
        "rarity": "legendary"
      },
      {
        "name": "Royal Chef",
        "id": 159000004,
        "maxLevel": 6,
        "iconUrls": {
          "medium": "https://api-assets.clashroyale.com/cards/300/CLxP2o0iX7q9peMkekI8Ki4DgWixra8L5aUbiAeBU9U.png"
        },
        "rarity": "legendary"
      }
    ]
  }