-- phpMyAdmin SQL Dump
-- version 5.1.2
-- https://www.phpmyadmin.net/
--
-- Hôte : localhost:3306
-- Généré le : lun. 16 juin 2025 à 16:51
-- Version du serveur : 5.7.24
-- Version de PHP : 8.3.1

SET SQL_MODE = "NO_AUTO_VALUE_ON_ZERO";
START TRANSACTION;
SET time_zone = "+00:00";


/*!40101 SET @OLD_CHARACTER_SET_CLIENT=@@CHARACTER_SET_CLIENT */;
/*!40101 SET @OLD_CHARACTER_SET_RESULTS=@@CHARACTER_SET_RESULTS */;
/*!40101 SET @OLD_COLLATION_CONNECTION=@@COLLATION_CONNECTION */;
/*!40101 SET NAMES utf8mb4 */;

--
-- Base de données : `clash_deck`
--

-- --------------------------------------------------------

--
-- Structure de la table `cards`
--

CREATE TABLE `cards` (
  `id` int(11) NOT NULL,
  `name` varchar(50) NOT NULL,
  `elixir` int(11) DEFAULT NULL,
  `rarity` varchar(20) DEFAULT NULL,
  `image_url` varchar(255) DEFAULT NULL
) ENGINE=InnoDB DEFAULT CHARSET=utf8;

--
-- Déchargement des données de la table `cards`
--

INSERT INTO `cards` (`id`, `name`, `elixir`, `rarity`, `image_url`) VALUES
(26000000, 'Knight', 3, 'common', 'https://api-assets.clashroyale.com/cards/300/jAj1Q5rclXxU9kVImGqSJxa4wEMfEhvwNQ_4jiGUuqg.png'),
(26000001, 'Archers', 3, 'common', 'https://api-assets.clashroyale.com/cards/300/W4Hmp8MTSdXANN8KdblbtHwtsbt0o749BbxNqmJYfA8.png'),
(26000002, 'Goblins', 2, 'common', 'https://api-assets.clashroyale.com/cards/300/X_DQUye_OaS3QN6VC9CPw05Fit7wvSm3XegXIXKP--0.png'),
(26000003, 'Giant', 5, 'rare', 'https://api-assets.clashroyale.com/cards/300/Axr4ox5_b7edmLsoHxBX3vmgijAIibuF6RImTbqLlXE.png'),
(26000004, 'P.E.K.K.A', 7, 'epic', 'https://api-assets.clashroyale.com/cards/300/MlArURKhn_zWAZY-Xj1qIRKLVKquarG25BXDjUQajNs.png'),
(26000005, 'Minions', 3, 'common', 'https://api-assets.clashroyale.com/cards/300/yHGpoEnmUWPGV_hBbhn-Kk-Bs838OjGzWzJJlQpQKQA.png'),
(26000006, 'Balloon', 5, 'epic', 'https://api-assets.clashroyale.com/cards/300/qBipxLo-3hhCnPrApp2Nn3b2NgrSrvwzWytvREev0CY.png'),
(26000007, 'Witch', 5, 'epic', 'https://api-assets.clashroyale.com/cards/300/cfwk1vzehVyHC-uloEIH6NOI0hOdofCutR5PyhIgO6w.png'),
(26000008, 'Barbarians', 5, 'common', 'https://api-assets.clashroyale.com/cards/300/TvJsuu2S4yhyk1jVYUAQwdKOnW4U77KuWWOTPOWnwfI.png'),
(26000009, 'Golem', 8, 'epic', 'https://api-assets.clashroyale.com/cards/300/npdmCnET7jmVjJvjJQkFnNSNnDxYHDBigbvIAloFMds.png'),
(26000010, 'Skeletons', 1, 'common', 'https://api-assets.clashroyale.com/cards/300/oO7iKMU5m0cdxhYPZA3nWQiAUh2yoGgdThLWB1rVSec.png'),
(26000011, 'Valkyrie', 4, 'rare', 'https://api-assets.clashroyale.com/cards/300/0lIoYf3Y_plFTzo95zZL93JVxpfb3MMgFDDhgSDGU9A.png'),
(26000012, 'Skeleton Army', 3, 'epic', 'https://api-assets.clashroyale.com/cards/300/fAOToOi1pRy7svN2xQS6mDkhQw2pj9m_17FauaNqyl4.png'),
(26000013, 'Bomber', 2, 'common', 'https://api-assets.clashroyale.com/cards/300/12n1CesxKIcqVYntjxcF36EFA-ONw7Z-DoL0_rQrbdo.png'),
(26000014, 'Musketeer', 4, 'rare', 'https://api-assets.clashroyale.com/cards/300/Tex1C48UTq9FKtAX-3tzG0FJmc9jzncUZG3bb5Vf-Ds.png'),
(26000015, 'Baby Dragon', 4, 'epic', 'https://api-assets.clashroyale.com/cards/300/cjC9n4AvEZJ3urkVh-rwBkJ-aRSsydIMqSAV48hAih0.png'),
(26000016, 'Prince', 5, 'epic', 'https://api-assets.clashroyale.com/cards/300/3JntJV62aY0G1Qh6LIs-ek-0ayeYFY3VItpG7cb9I60.png'),
(26000017, 'Wizard', 5, 'rare', 'https://api-assets.clashroyale.com/cards/300/Mej7vnv4H_3p_8qPs_N6_GKahy6HDr7pU7i9eTHS84U.png'),
(26000018, 'Mini P.E.K.K.A', 4, 'rare', 'https://api-assets.clashroyale.com/cards/300/Fmltc4j3Ve9vO_xhHHPEO3PRP3SmU2oKp2zkZQHRZT4.png'),
(26000019, 'Spear Goblins', 2, 'common', 'https://api-assets.clashroyale.com/cards/300/FSDFotjaXidI4ku_WFpVCTWS1hKGnFh1sxX0lxM43_E.png'),
(26000020, 'Giant Skeleton', 6, 'epic', 'https://api-assets.clashroyale.com/cards/300/0p0gd0XaVRu1Hb1iSG1hTYbz2AN6aEiZnhaAib5O8Z8.png'),
(26000021, 'Hog Rider', 4, 'rare', 'https://api-assets.clashroyale.com/cards/300/Ubu0oUl8tZkusnkZf8Xv9Vno5IO29Y-jbZ4fhoNJ5oc.png'),
(26000022, 'Minion Horde', 5, 'common', 'https://api-assets.clashroyale.com/cards/300/Wyjq5l0IXHTkX9Rmpap6HaH08MvjbxFp1xBO9a47YSI.png'),
(26000023, 'Ice Wizard', 3, 'legendary', 'https://api-assets.clashroyale.com/cards/300/W3dkw0HTw9n1jB-zbknY2w3wHuyuLxSRIAV5fUT1SEY.png'),
(26000024, 'Royal Giant', 6, 'common', 'https://api-assets.clashroyale.com/cards/300/mnlRaNtmfpQx2e6mp70sLd0ND-pKPF70Cf87_agEKg4.png'),
(26000025, 'Guards', 3, 'epic', 'https://api-assets.clashroyale.com/cards/300/1ArKfLJxYo6_NU_S9cAeIrfbXqWH0oULVJXedxBXQlU.png'),
(26000026, 'Princess', 3, 'legendary', 'https://api-assets.clashroyale.com/cards/300/bAwMcqp9EKVIKH3ZLm_m0MqZFSG72zG-vKxpx8aKoVs.png'),
(26000027, 'Dark Prince', 4, 'epic', 'https://api-assets.clashroyale.com/cards/300/M7fXlrKXHu2IvpSGpk36kXVstslbR08Bbxcy0jQcln8.png'),
(26000028, 'Three Musketeers', 9, 'rare', 'https://api-assets.clashroyale.com/cards/300/_J2GhbkX3vswaFk1wG-dopwiHyNc_YiPhwroiKF3Mek.png'),
(26000029, 'Lava Hound', 7, 'legendary', 'https://api-assets.clashroyale.com/cards/300/unicRQ975sBY2oLtfgZbAI56ZvaWz7azj-vXTLxc0r8.png'),
(26000030, 'Ice Spirit', 1, 'common', 'https://api-assets.clashroyale.com/cards/300/lv1budiafU9XmSdrDkk0NYyqASAFYyZ06CPysXKZXlA.png'),
(26000031, 'Fire Spirit', 1, 'common', 'https://api-assets.clashroyale.com/cards/300/16-BqusVvynIgYI8_Jci3LDC-r8AI_xaIYLgXqtlmS8.png'),
(26000032, 'Miner', 3, 'legendary', 'https://api-assets.clashroyale.com/cards/300/Y4yWvdwBCg2FpAZgs8T09Gy34WOwpLZW-ttL52Ae8NE.png'),
(26000033, 'Sparky', 6, 'legendary', 'https://api-assets.clashroyale.com/cards/300/2GKMkBrArZXgQxf2ygFjDs4VvGYPbx8F6Lj_68iVhIM.png'),
(26000034, 'Bowler', 5, 'epic', 'https://api-assets.clashroyale.com/cards/300/SU4qFXmbQXWjvASxVI6z9IJuTYolx4A0MKK90sTIE88.png'),
(26000035, 'Lumberjack', 4, 'legendary', 'https://api-assets.clashroyale.com/cards/300/E6RWrnCuk13xMX5OE1EQtLEKTZQV6B78d00y8PlXt6Q.png'),
(26000036, 'Battle Ram', 4, 'rare', 'https://api-assets.clashroyale.com/cards/300/dyc50V2cplKi4H7pq1B3I36pl_sEH5DQrNHboS_dbbM.png'),
(26000037, 'Inferno Dragon', 4, 'legendary', 'https://api-assets.clashroyale.com/cards/300/y5HDbKtTbWG6En6TGWU0xoVIGs1-iQpIP4HC-VM7u8A.png'),
(26000038, 'Ice Golem', 2, 'rare', 'https://api-assets.clashroyale.com/cards/300/r05cmpwV1o7i7FHodtZwW3fmjbXCW34IJCsDEV5cZC4.png'),
(26000039, 'Mega Minion', 3, 'rare', 'https://api-assets.clashroyale.com/cards/300/-T_e4YLbuhPBKbYnBwQfXgynNpp5eOIN_0RracYwL9c.png'),
(26000040, 'Dart Goblin', 3, 'rare', 'https://api-assets.clashroyale.com/cards/300/BmpK3bqEAviflqHCdxxnfm-_l3pRPJw3qxHkwS55nCY.png'),
(26000041, 'Goblin Gang', 3, 'common', 'https://api-assets.clashroyale.com/cards/300/NHflxzVAQT4oAz7eDfdueqpictb5vrWezn1nuqFhE4w.png'),
(26000042, 'Electro Wizard', 4, 'legendary', 'https://api-assets.clashroyale.com/cards/300/RsFaHgB3w6vXsTjXdPr3x8l_GbV9TbOUCvIx07prbrQ.png'),
(26000043, 'Elite Barbarians', 6, 'common', 'https://api-assets.clashroyale.com/cards/300/C88C5JH_F3lLZj6K-tLcMo5DPjrFmvzIb1R2M6xCfTE.png'),
(26000044, 'Hunter', 4, 'epic', 'https://api-assets.clashroyale.com/cards/300/VNabB1WKnYtYRSG7X_FZfnZjQDHTBs9A96OGMFmecrA.png'),
(26000045, 'Executioner', 5, 'epic', 'https://api-assets.clashroyale.com/cards/300/9XL5BP2mqzV8kza6KF8rOxrpCZTyuGLp2l413DTjEoM.png'),
(26000046, 'Bandit', 3, 'legendary', 'https://api-assets.clashroyale.com/cards/300/QWDdXMKJNpv0go-HYaWQWP6p8uIOHjqn-zX7G0p3DyM.png'),
(26000047, 'Royal Recruits', 7, 'common', 'https://api-assets.clashroyale.com/cards/300/jcNyYGUiXXNz3kuz8NBkHNKNREQKraXlb_Ts7rhCIdM.png'),
(26000048, 'Night Witch', 4, 'legendary', 'https://api-assets.clashroyale.com/cards/300/NpCrXDEDBBJgNv9QrBAcJmmMFbS7pe3KCY8xJ5VB18A.png'),
(26000049, 'Bats', 2, 'common', 'https://api-assets.clashroyale.com/cards/300/EnIcvO21hxiNpoI-zO6MDjLmzwPbq8Z4JPo2OKoVUjU.png'),
(26000050, 'Royal Ghost', 3, 'legendary', 'https://api-assets.clashroyale.com/cards/300/3En2cz0ISQAaMTHY3hj3rTveFN2kJYq-H4VxvdJNvCM.png'),
(26000051, 'Ram Rider', 5, 'legendary', 'https://api-assets.clashroyale.com/cards/300/QaJyerT7f7oMyZ3Fv1glKymtLSvx7YUXisAulxl7zRI.png'),
(26000052, 'Zappies', 4, 'rare', 'https://api-assets.clashroyale.com/cards/300/QZfHRpLRmutZbCr5fpLnTpIp89vLI6NrAwzGZ8tHEc4.png'),
(26000053, 'Rascals', 5, 'common', 'https://api-assets.clashroyale.com/cards/300/KV48DfwVHKx9XCjzBdk3daT_Eb52Me4VgjVO7WctRc4.png'),
(26000054, 'Cannon Cart', 5, 'epic', 'https://api-assets.clashroyale.com/cards/300/aqwxRz8HXzqlMCO4WMXNA1txynjXTsLinknqsgZLbok.png'),
(26000055, 'Mega Knight', 7, 'legendary', 'https://api-assets.clashroyale.com/cards/300/O2NycChSNhn_UK9nqBXUhhC_lILkiANzPuJjtjoz0CE.png'),
(26000056, 'Skeleton Barrel', 3, 'common', 'https://api-assets.clashroyale.com/cards/300/vCB4DWCcrGbTkarjcOiVz4aNDx6GWLm0yUepg9E1MGo.png'),
(26000057, 'Flying Machine', 4, 'rare', 'https://api-assets.clashroyale.com/cards/300/hzKNE3QwFcrSrDDRuVW3QY_OnrDPijSiIp-PsWgFevE.png'),
(26000058, 'Wall Breakers', 2, 'epic', 'https://api-assets.clashroyale.com/cards/300/_xPphEfC8eEwFNrfU3cMQG9-f5JaLQ31ARCA7l3XtW4.png'),
(26000059, 'Royal Hogs', 5, 'rare', 'https://api-assets.clashroyale.com/cards/300/ASSQJG_MoVq9e81HZzo4bynMnyLNpNJMfSLb3hqydOw.png'),
(26000060, 'Goblin Giant', 6, 'epic', 'https://api-assets.clashroyale.com/cards/300/SoW16cY3jXBwaTDvb39DkqiVsoFVaDWbzf5QBYphJrY.png'),
(26000061, 'Fisherman', 3, 'legendary', 'https://api-assets.clashroyale.com/cards/300/U2KZ3g0wyufcuA5P2Xrn3Z3lr1WiJmc5S0IWOZHgizQ.png'),
(26000062, 'Magic Archer', 4, 'legendary', 'https://api-assets.clashroyale.com/cards/300/Avli3W7BxU9HQ2SoLiXnBgGx25FoNXUSFm7OcAk68ek.png'),
(26000063, 'Electro Dragon', 5, 'epic', 'https://api-assets.clashroyale.com/cards/300/tN9h6lnMNPCNsx0LMFmvpHgznbDZ1fBRkx-C7UfNmfY.png'),
(26000064, 'Firecracker', 3, 'common', 'https://api-assets.clashroyale.com/cards/300/c1rL3LO1U2D9-TkeFfAC18gP3AO8ztSwrcHMZplwL2Q.png'),
(26000065, 'Mighty Miner', 4, 'champion', 'https://api-assets.clashroyale.com/cards/300/Cd9R56yraxTvJiD8xJ2qT2OdsHyh94FqOAarXpbyelo.png'),
(26000067, 'Elixir Golem', 3, 'rare', 'https://api-assets.clashroyale.com/cards/300/puhMsZjCIqy21HW3hYxjrk_xt8NIPyFqjRy-BeLKZwo.png'),
(26000068, 'Battle Healer', 4, 'rare', 'https://api-assets.clashroyale.com/cards/300/KdwXcoigS2Kg-cgA7BJJIANbUJG6SNgjetRQ-MegZ08.png'),
(26000069, 'Skeleton King', 4, 'champion', 'https://api-assets.clashroyale.com/cards/300/dCd69_wN9f8DxwuqOGtR4QgWhHIPIaTNxZ1e23RzAAc.png'),
(26000072, 'Archer Queen', 5, 'champion', 'https://api-assets.clashroyale.com/cards/300/p7OQmOAFTery7zCzlpDdm-LOD1kINTm42AwIHchZfWk.png'),
(26000074, 'Golden Knight', 4, 'champion', 'https://api-assets.clashroyale.com/cards/300/WJd207D0O1sN-l1FTb8P9KhYL2oF5jY26vRUfTUW3FQ.png'),
(26000077, 'Monk', 5, 'champion', 'https://api-assets.clashroyale.com/cards/300/2onG4t4-CxqwFVZAn6zpWxFz3_mG2ksSj4Q7zldo1SM.png'),
(26000080, 'Skeleton Dragons', 4, 'common', 'https://api-assets.clashroyale.com/cards/300/qPOtg9uONh47_NLxGhhFc_ww9PlZ6z3Ry507q1NZUXs.png'),
(26000083, 'Mother Witch', 4, 'legendary', 'https://api-assets.clashroyale.com/cards/300/fO-Xah8XZkYKaSK9SCp3wnzwxtvIhun9NVY-zzte1Ng.png'),
(26000084, 'Electro Spirit', 1, 'common', 'https://api-assets.clashroyale.com/cards/300/WKd4-IAFsgPpMo7dDi9sujmYjRhOMEWiE07OUJpvD9g.png'),
(26000085, 'Electro Giant', 7, 'epic', 'https://api-assets.clashroyale.com/cards/300/_uChZkNHAMq6tPb3v6A49xinOe3CnhjstOhG6OZbPYc.png'),
(26000087, 'Phoenix', 4, 'legendary', 'https://api-assets.clashroyale.com/cards/300/i0RoY1fs6ay7VAxyFEfZGIPnD002nAKcne9FtJsWBHM.png'),
(26000093, 'Little Prince', 3, 'champion', 'https://api-assets.clashroyale.com/cards/300/dY-gSseki6KBpkIG17safHH5YlB8SErFZO9OXbJxf9w.png'),
(26000095, 'Goblin Demolisher', 4, 'rare', 'https://api-assets.clashroyale.com/cards/300/KVVOgdn40xasFLYuQv8Go_U_LCV7wSG9q9eE1H7f3Qk.png'),
(26000096, 'Goblin Machine', 5, 'legendary', 'https://api-assets.clashroyale.com/cards/300/-iLlotr6GCFndL_1BSBqWBb6DnsHBhLerd5EblZDNfU.png'),
(26000097, 'Suspicious Bush', 2, 'rare', 'https://api-assets.clashroyale.com/cards/300/vqTzGAjseQv9F5rf4tsFWeocvg0dyPw1j_nB1cmDZfI.png'),
(26000099, 'Goblinstein', 5, 'champion', 'https://api-assets.clashroyale.com/cards/300/mQ20B49dXdk7Nv0lMdLw175M3YvkSpN6KNnho8UKBd8.png'),
(26000101, 'Rune Giant', 4, 'epic', 'https://api-assets.clashroyale.com/cards/300/UogMnGHQXT-TOVXRxslKdAKXUPhqUvrD_hV9x8lbzdE.png'),
(26000102, 'Berserker', 2, 'common', 'https://api-assets.clashroyale.com/cards/300/NA6W8S1JBYBlOPwD3dNvJLFvVDKq-UuBs_J3i3ewLFI.png'),
(26000103, 'Boss Bandit', 6, 'champion', 'https://api-assets.clashroyale.com/cards/300/nuceG9o7rAyvyc7D3sp2QSiRYtSOEgraq0NJkDf729s.png'),
(27000000, 'Cannon', 3, 'common', 'https://api-assets.clashroyale.com/cards/300/nZK1y-beLxO5vnlyUhK6-2zH2NzXJwqykcosqQ1cmZ8.png'),
(27000001, 'Goblin Hut', 4, 'rare', 'https://api-assets.clashroyale.com/cards/300/l8ZdzzNLcwB4u7ihGgxNFQOjCT_njFuAhZr7D6PRF7E.png'),
(27000002, 'Mortar', 4, 'common', 'https://api-assets.clashroyale.com/cards/300/lPOSw6H7YOHq2miSCrf7ZDL3ANjhJdPPDYOTujdNrVE.png'),
(27000003, 'Inferno Tower', 5, 'rare', 'https://api-assets.clashroyale.com/cards/300/GSHY_wrooMMLET6bG_WJB8redtwx66c4i80ipi4gYOM.png'),
(27000004, 'Bomb Tower', 4, 'rare', 'https://api-assets.clashroyale.com/cards/300/rirYRyHPc97emRjoH-c1O8uZCBzPVnToaGuNGusF3TQ.png'),
(27000005, 'Barbarian Hut', 6, 'rare', 'https://api-assets.clashroyale.com/cards/300/ho0nOG2y3Ch86elHHcocQs8Fv_QNe0cFJ2CijsxABZA.png'),
(27000006, 'Tesla', 4, 'common', 'https://api-assets.clashroyale.com/cards/300/OiwnGrxFMNiHetYEerE-UZt0L_uYNzFY7qV_CA_OxR4.png'),
(27000007, 'Elixir Collector', 6, 'rare', 'https://api-assets.clashroyale.com/cards/300/BGLo3Grsp81c72EpxLLk-Sofk3VY56zahnUNOv3JcT0.png'),
(27000008, 'X-Bow', 6, 'epic', 'https://api-assets.clashroyale.com/cards/300/zVQ9Hme1hlj9Dc6e1ORl9xWwglcSrP7ejow5mAhLUJc.png'),
(27000009, 'Tombstone', 3, 'rare', 'https://api-assets.clashroyale.com/cards/300/LjSfSbwQfkZuRJY4pVxKspZ-a0iM5KAhU8w-a_N5Z7Y.png'),
(27000010, 'Furnace', 4, 'rare', 'https://api-assets.clashroyale.com/cards/300/iqbDiG7yYRIzvCPXdt9zPb3IvMt7F7Gi4wIPnh2x4aI.png'),
(27000012, 'Goblin Cage', 4, 'rare', 'https://api-assets.clashroyale.com/cards/300/vD24bBgK4rSq7wx5QEbuqChtPMRFviL_ep76GwQw1yA.png'),
(27000013, 'Goblin Drill', 4, 'epic', 'https://api-assets.clashroyale.com/cards/300/eN2TKUYbih-26yBi0xy5LVFOA0zDftgDqxxnVfdIg1o.png'),
(28000000, 'Fireball', 4, 'rare', 'https://api-assets.clashroyale.com/cards/300/lZD9MILQv7O-P3XBr_xOLS5idwuz3_7Ws9G60U36yhc.png'),
(28000001, 'Arrows', 3, 'common', 'https://api-assets.clashroyale.com/cards/300/Flsoci-Y6y8ZFVi5uRFTmgkPnCmMyMVrU7YmmuPvSBo.png'),
(28000002, 'Rage', 2, 'epic', 'https://api-assets.clashroyale.com/cards/300/bGP21OOmcpHMJ5ZA79bHVV2D-NzPtDkvBskCNJb7pg0.png'),
(28000003, 'Rocket', 6, 'rare', 'https://api-assets.clashroyale.com/cards/300/Ie07nQNK9CjhKOa4-arFAewi4EroqaA-86Xo7r5tx94.png'),
(28000004, 'Goblin Barrel', 3, 'epic', 'https://api-assets.clashroyale.com/cards/300/CoZdp5PpsTH858l212lAMeJxVJ0zxv9V-f5xC8Bvj5g.png'),
(28000005, 'Freeze', 4, 'epic', 'https://api-assets.clashroyale.com/cards/300/I1M20_Zs_p_BS1NaNIVQjuMJkYI_1-ePtwYZahn0JXQ.png'),
(28000006, 'Mirror', NULL, 'epic', 'https://api-assets.clashroyale.com/cards/300/wC6Cm9rKLEOk72zTsukVwxewKIoO4ZcMJun54zCPWvA.png'),
(28000007, 'Lightning', 6, 'epic', 'https://api-assets.clashroyale.com/cards/300/fpnESbYqe5GyZmaVVYe-SEu7tE0Kxh_HZyVigzvLjks.png'),
(28000008, 'Zap', 2, 'common', 'https://api-assets.clashroyale.com/cards/300/7dxh2-yCBy1x44GrBaL29vjqnEEeJXHEAlsi5g6D1eY.png'),
(28000009, 'Poison', 4, 'epic', 'https://api-assets.clashroyale.com/cards/300/98HDkG2189yOULcVG9jz2QbJKtfuhH21DIrIjkOjxI8.png'),
(28000010, 'Graveyard', 5, 'legendary', 'https://api-assets.clashroyale.com/cards/300/Icp8BIyyfBTj1ncCJS7mb82SY7TPV-MAE-J2L2R48DI.png'),
(28000011, 'The Log', 2, 'legendary', 'https://api-assets.clashroyale.com/cards/300/_iDwuDLexHPFZ_x4_a0eP-rxCS6vwWgTs6DLauwwoaY.png'),
(28000012, 'Tornado', 3, 'epic', 'https://api-assets.clashroyale.com/cards/300/QJB-QK1QJHdw4hjpAwVSyZBozc2ZWAR9pQ-SMUyKaT0.png'),
(28000013, 'Clone', 3, 'epic', 'https://api-assets.clashroyale.com/cards/300/mHVCet-1TkwWq-pxVIU2ZWY9_2z7Z7wtP25ArEUsP_g.png'),
(28000014, 'Earthquake', 3, 'rare', 'https://api-assets.clashroyale.com/cards/300/XeQXcrUu59C52DslyZVwCnbi4yamID-WxfVZLShgZmE.png'),
(28000015, 'Barbarian Barrel', 2, 'epic', 'https://api-assets.clashroyale.com/cards/300/Gb0G1yNy0i5cIGUHin8uoFWxqntNtRPhY_jeMXg7HnA.png'),
(28000016, 'Heal Spirit', 1, 'rare', 'https://api-assets.clashroyale.com/cards/300/GITl06sa2nGRLPvboyXbGEv5E3I-wAwn1Eqa5esggbc.png'),
(28000017, 'Giant Snowball', 2, 'common', 'https://api-assets.clashroyale.com/cards/300/7MaJLa6hK9WN2_VIshuh5DIDfGwm0wEv98gXtAxLDPs.png'),
(28000018, 'Royal Delivery', 3, 'common', 'https://api-assets.clashroyale.com/cards/300/LPg7AGjGI3_xmi7gLLgGC50yKM1jJ2teWkZfoHJcIZo.png'),
(28000023, 'Void', 3, 'epic', 'https://api-assets.clashroyale.com/cards/300/BykyeWDqzn4PlHSszu3NbrXT1mHxW2EA8vHbQGR5LDE.png'),
(28000024, 'Goblin Curse', 2, 'epic', 'https://api-assets.clashroyale.com/cards/300/OQPfGgT5mHEUvPuKKt0plZT0PNtIjCqUgQ3Rm86dQ2k.png');

-- --------------------------------------------------------

--
-- Structure de la table `community_messages`
--

CREATE TABLE `community_messages` (
  `id` int(11) NOT NULL,
  `user_id` int(11) NOT NULL,
  `message` text NOT NULL,
  `created_at` datetime NOT NULL
) ENGINE=InnoDB DEFAULT CHARSET=utf8;

--
-- Déchargement des données de la table `community_messages`
--

INSERT INTO `community_messages` (`id`, `user_id`, `message`, `created_at`) VALUES
(11, 10, 'Ca marche !!!', '2025-06-14 18:27:48'),
(15, 4, 'Hello World !!!', '2025-06-16 18:35:41');

-- --------------------------------------------------------

--
-- Structure de la table `decks`
--

CREATE TABLE `decks` (
  `id` int(11) NOT NULL,
  `title` varchar(100) NOT NULL,
  `description` text,
  `created_at` datetime DEFAULT CURRENT_TIMESTAMP,
  `author_id` int(11) DEFAULT NULL
) ENGINE=InnoDB DEFAULT CHARSET=utf8;

--
-- Déchargement des données de la table `decks`
--

INSERT INTO `decks` (`id`, `title`, `description`, `created_at`, `author_id`) VALUES
(511, 'Deck #1', 'Utilise le Tornado pour défendre puis contre-attaquer.', '2025-06-09 14:34:18', NULL),
(512, 'Deck #2', 'Utilise le Tornado pour défendre puis contre-attaquer.', '2025-06-09 14:34:18', NULL),
(513, 'Deck #3', 'Utilisation agressive de Royal Hogs pour la pression double-lane.', '2025-06-09 14:34:18', NULL),
(514, 'Deck #4', 'Contrôle avec Goblin Barrel et Princess. Très bon contre tanks.', '2025-06-09 14:34:18', NULL),
(515, 'Deck #5', 'Contrôle avec Goblin Barrel et Princess. Très bon contre tanks.', '2025-06-09 14:34:18', NULL),
(516, 'Deck #6', 'Géant en tank + les deux princes pour faire fondre les défenses.', '2025-06-09 14:34:18', NULL),
(517, 'Deck #7', 'Fort contre les decks lourds grâce au cycle rapide.', '2025-06-09 14:34:18', NULL),
(518, 'Deck #8', 'Deck très solide pour gérer les deux lanes avec pression constante.', '2025-06-09 14:34:18', NULL),
(519, 'Deck #9', 'Gros push avec Golem en fond de map. Soutien Baby Dragon et Night Witch.', '2025-06-09 14:34:18', NULL),
(520, 'Deck #10', 'Bonne option pour ladder avec un bon équilibre attaque/défense.', '2025-06-09 14:34:18', NULL),
(521, 'Deck #11', 'Deck très solide pour gérer les deux lanes avec pression constante.', '2025-06-09 14:34:18', NULL),
(522, 'Deck #12', 'Géant en tank + les deux princes pour faire fondre les défenses.', '2025-06-09 14:34:18', NULL),
(523, 'Deck #13', 'Géant en tank + les deux princes pour faire fondre les défenses.', '2025-06-09 14:34:18', NULL),
(524, 'Deck #14', 'Deck polyvalent avec bonne défense et contre-attaque rapide.', '2025-06-09 14:34:18', NULL),
(525, 'Deck #15', 'Gros push avec Golem en fond de map. Soutien Baby Dragon et Night Witch.', '2025-06-09 14:34:18', NULL),
(526, 'Deck #16', 'Bonne option pour ladder avec un bon équilibre attaque/défense.', '2025-06-09 14:34:18', NULL),
(527, 'Deck #17', 'Gros push avec Golem en fond de map. Soutien Baby Dragon et Night Witch.', '2025-06-09 14:34:18', NULL),
(528, 'Deck #18', 'Deck polyvalent avec bonne défense et contre-attaque rapide.', '2025-06-09 14:34:18', NULL),
(529, 'Deck #19', 'Fort contre les decks lourds grâce au cycle rapide.', '2025-06-09 14:34:18', NULL),
(530, 'Deck #20', 'Géant en tank + les deux princes pour faire fondre les défenses.', '2025-06-09 14:34:18', NULL),
(531, 'Deck #21', 'Utilisation agressive de Royal Hogs pour la pression double-lane.', '2025-06-09 14:34:18', NULL),
(532, 'Deck #22', 'Bonne option pour ladder avec un bon équilibre attaque/défense.', '2025-06-09 14:34:18', NULL),
(533, 'Deck #23', 'Cycle très rapide autour de Hog Rider et Fireball.', '2025-06-09 14:34:18', NULL),
(534, 'Deck #24', 'Cycle très rapide autour de Hog Rider et Fireball.', '2025-06-09 14:34:18', NULL),
(535, 'Deck #25', 'Fort contre les decks lourds grâce au cycle rapide.', '2025-06-09 14:34:18', NULL),
(536, 'Deck #26', 'Utilise le Tornado pour défendre puis contre-attaquer.', '2025-06-09 14:34:18', NULL),
(537, 'Deck #27', 'Gros push avec Golem en fond de map. Soutien Baby Dragon et Night Witch.', '2025-06-09 14:34:18', NULL),
(538, 'Deck #28', 'Utilisation agressive de Royal Hogs pour la pression double-lane.', '2025-06-09 14:34:18', NULL),
(539, 'Deck #29', 'Gros push avec Golem en fond de map. Soutien Baby Dragon et Night Witch.', '2025-06-09 14:34:18', NULL),
(540, 'Deck #30', 'Bonne option pour ladder avec un bon équilibre attaque/défense.', '2025-06-09 14:34:18', NULL),
(541, 'Deck #31', 'Contrôle avec Goblin Barrel et Princess. Très bon contre tanks.', '2025-06-09 14:34:18', NULL),
(542, 'Deck #32', 'Gros push avec Golem en fond de map. Soutien Baby Dragon et Night Witch.', '2025-06-09 14:34:18', NULL),
(543, 'Deck #33', 'Géant en tank + les deux princes pour faire fondre les défenses.', '2025-06-09 14:34:18', NULL),
(544, 'Deck #34', 'Géant en tank + les deux princes pour faire fondre les défenses.', '2025-06-09 14:34:18', NULL),
(545, 'Deck #35', 'Géant en tank + les deux princes pour faire fondre les défenses.', '2025-06-09 14:34:18', NULL),
(546, 'Deck #36', 'Fort contre les decks lourds grâce au cycle rapide.', '2025-06-09 14:34:18', NULL),
(547, 'Deck #37', 'Géant en tank + les deux princes pour faire fondre les défenses.', '2025-06-09 14:34:18', NULL),
(548, 'Deck #38', 'Utilisation agressive de Royal Hogs pour la pression double-lane.', '2025-06-09 14:34:18', NULL),
(549, 'Deck #39', 'Géant en tank + les deux princes pour faire fondre les défenses.', '2025-06-09 14:34:18', NULL),
(550, 'Deck #40', 'Gros push avec Golem en fond de map. Soutien Baby Dragon et Night Witch.', '2025-06-09 14:34:18', NULL),
(551, 'Deck #41', 'Deck très solide pour gérer les deux lanes avec pression constante.', '2025-06-09 14:34:18', NULL),
(552, 'Deck #42', 'Deck polyvalent avec bonne défense et contre-attaque rapide.', '2025-06-09 14:34:18', NULL),
(553, 'Deck #43', 'Deck polyvalent avec bonne défense et contre-attaque rapide.', '2025-06-09 14:34:18', NULL),
(554, 'Deck #44', 'Géant en tank + les deux princes pour faire fondre les défenses.', '2025-06-09 14:34:18', NULL),
(555, 'Deck #45', 'Gros push avec Golem en fond de map. Soutien Baby Dragon et Night Witch.', '2025-06-09 14:34:18', NULL),
(556, 'Deck #46', 'Géant en tank + les deux princes pour faire fondre les défenses.', '2025-06-09 14:34:18', NULL),
(557, 'Deck #47', 'Fort contre les decks lourds grâce au cycle rapide.', '2025-06-09 14:34:18', NULL),
(558, 'Deck #48', 'Cycle très rapide autour de Hog Rider et Fireball.', '2025-06-09 14:34:18', NULL),
(559, 'Deck #49', 'Deck polyvalent avec bonne défense et contre-attaque rapide.', '2025-06-09 14:34:18', NULL),
(560, 'Deck #50', 'Deck très solide pour gérer les deux lanes avec pression constante.', '2025-06-09 14:34:18', NULL),
(561, 'Deck #51', 'Deck polyvalent avec bonne défense et contre-attaque rapide.', '2025-06-09 14:34:18', NULL),
(562, 'Deck #52', 'Gros push avec Golem en fond de map. Soutien Baby Dragon et Night Witch.', '2025-06-09 14:34:18', NULL),
(563, 'Deck #53', 'Utilise le Tornado pour défendre puis contre-attaquer.', '2025-06-09 14:34:18', NULL),
(564, 'Deck #54', 'Deck très solide pour gérer les deux lanes avec pression constante.', '2025-06-09 14:34:18', NULL),
(565, 'Deck #55', 'Cycle très rapide autour de Hog Rider et Fireball.', '2025-06-09 14:34:18', NULL),
(566, 'Deck #56', 'Bonne option pour ladder avec un bon équilibre attaque/défense.', '2025-06-09 14:34:18', NULL),
(567, 'Deck #57', 'Géant en tank + les deux princes pour faire fondre les défenses.', '2025-06-09 14:34:18', NULL),
(568, 'Deck #58', 'Fort contre les decks lourds grâce au cycle rapide.', '2025-06-09 14:34:18', NULL),
(569, 'Deck #59', 'Bonne option pour ladder avec un bon équilibre attaque/défense.', '2025-06-09 14:34:18', NULL),
(570, 'Deck #60', 'Fort contre les decks lourds grâce au cycle rapide.', '2025-06-09 14:34:18', NULL),
(571, 'Deck #61', 'Deck très solide pour gérer les deux lanes avec pression constante.', '2025-06-09 14:34:18', NULL),
(572, 'Deck #62', 'Bonne option pour ladder avec un bon équilibre attaque/défense.', '2025-06-09 14:34:18', NULL),
(573, 'Deck #63', 'Utilisation agressive de Royal Hogs pour la pression double-lane.', '2025-06-09 14:34:18', NULL),
(574, 'Deck #64', 'Utilisation agressive de Royal Hogs pour la pression double-lane.', '2025-06-09 14:34:18', NULL),
(575, 'Deck #65', 'Contrôle avec Goblin Barrel et Princess. Très bon contre tanks.', '2025-06-09 14:34:19', NULL),
(576, 'Deck #66', 'Géant en tank + les deux princes pour faire fondre les défenses.', '2025-06-09 14:34:19', NULL),
(577, 'Deck #67', 'Gros push avec Golem en fond de map. Soutien Baby Dragon et Night Witch.', '2025-06-09 14:34:19', NULL),
(578, 'Deck #68', 'Bonne option pour ladder avec un bon équilibre attaque/défense.', '2025-06-09 14:34:19', NULL),
(579, 'Deck #69', 'Utilise le Tornado pour défendre puis contre-attaquer.', '2025-06-09 14:34:19', NULL),
(580, 'Deck #70', 'Cycle très rapide autour de Hog Rider et Fireball.', '2025-06-09 14:34:19', NULL),
(581, 'Deck #71', 'Fort contre les decks lourds grâce au cycle rapide.', '2025-06-09 14:34:19', NULL),
(582, 'Deck #72', 'Deck polyvalent avec bonne défense et contre-attaque rapide.', '2025-06-09 14:34:19', NULL),
(583, 'Deck #73', 'Deck polyvalent avec bonne défense et contre-attaque rapide.', '2025-06-09 14:34:19', NULL),
(584, 'Deck #74', 'Utilisation agressive de Royal Hogs pour la pression double-lane.', '2025-06-09 14:34:19', NULL),
(585, 'Deck #75', 'Géant en tank + les deux princes pour faire fondre les défenses.', '2025-06-09 14:34:19', NULL),
(586, 'Deck #76', 'Cycle très rapide autour de Hog Rider et Fireball.', '2025-06-09 14:34:19', NULL),
(587, 'Deck #77', 'Géant en tank + les deux princes pour faire fondre les défenses.', '2025-06-09 14:34:19', NULL),
(588, 'Deck #78', 'Gros push avec Golem en fond de map. Soutien Baby Dragon et Night Witch.', '2025-06-09 14:34:19', NULL),
(589, 'Deck #79', 'Contrôle avec Goblin Barrel et Princess. Très bon contre tanks.', '2025-06-09 14:34:19', NULL),
(590, 'Deck #80', 'Utilisation agressive de Royal Hogs pour la pression double-lane.', '2025-06-09 14:34:19', NULL),
(591, 'Deck #81', 'Géant en tank + les deux princes pour faire fondre les défenses.', '2025-06-09 14:34:19', NULL),
(592, 'Deck #82', 'Cycle très rapide autour de Hog Rider et Fireball.', '2025-06-09 14:34:19', NULL),
(593, 'Deck #83', 'Gros push avec Golem en fond de map. Soutien Baby Dragon et Night Witch.', '2025-06-09 14:34:19', NULL),
(594, 'Deck #84', 'Deck très solide pour gérer les deux lanes avec pression constante.', '2025-06-09 14:34:19', NULL),
(595, 'Deck #85', 'Bonne option pour ladder avec un bon équilibre attaque/défense.', '2025-06-09 14:34:19', NULL),
(596, 'Deck #86', 'Gros push avec Golem en fond de map. Soutien Baby Dragon et Night Witch.', '2025-06-09 14:34:19', NULL),
(597, 'Deck #87', 'Bonne option pour ladder avec un bon équilibre attaque/défense.', '2025-06-09 14:34:19', NULL),
(598, 'Deck #88', 'Utilisation agressive de Royal Hogs pour la pression double-lane.', '2025-06-09 14:34:19', NULL),
(599, 'Deck #89', 'Gros push avec Golem en fond de map. Soutien Baby Dragon et Night Witch.', '2025-06-09 14:34:19', NULL),
(600, 'Deck #90', 'Cycle très rapide autour de Hog Rider et Fireball.', '2025-06-09 14:34:19', NULL),
(601, 'Deck #91', 'Utilisation agressive de Royal Hogs pour la pression double-lane.', '2025-06-09 14:34:19', NULL),
(602, 'Deck #92', 'Bonne option pour ladder avec un bon équilibre attaque/défense.', '2025-06-09 14:34:19', NULL),
(603, 'Deck #93', 'Utilisation agressive de Royal Hogs pour la pression double-lane.', '2025-06-09 14:34:19', NULL),
(604, 'Deck #94', 'Utilisation agressive de Royal Hogs pour la pression double-lane.', '2025-06-09 14:34:19', NULL),
(605, 'Deck #95', 'Fort contre les decks lourds grâce au cycle rapide.', '2025-06-09 14:34:19', NULL),
(606, 'Deck #96', 'Deck très solide pour gérer les deux lanes avec pression constante.', '2025-06-09 14:34:19', NULL),
(607, 'Deck #97', 'Deck polyvalent avec bonne défense et contre-attaque rapide.', '2025-06-09 14:34:19', NULL),
(608, 'Deck #98', 'Contrôle avec Goblin Barrel et Princess. Très bon contre tanks.', '2025-06-09 14:34:19', NULL),
(609, 'Deck #99', 'Contrôle avec Goblin Barrel et Princess. Très bon contre tanks.', '2025-06-09 14:34:19', NULL),
(610, 'Deck #100', 'Gros push avec Golem en fond de map. Soutien Baby Dragon et Night Witch.', '2025-06-09 14:34:19', NULL),
(614, 'grgher', 'easter', '2025-06-14 17:16:06', 4),
(616, 'TEST', 'C\'est un test', '2025-06-14 18:28:29', 10),
(618, 'Cosmo', 'Le meilleur', '2025-06-16 15:46:41', 4);

-- --------------------------------------------------------

--
-- Structure de la table `deck_cards`
--

CREATE TABLE `deck_cards` (
  `deck_id` int(11) NOT NULL,
  `card_id` int(11) NOT NULL
) ENGINE=InnoDB DEFAULT CHARSET=utf8;

--
-- Déchargement des données de la table `deck_cards`
--

INSERT INTO `deck_cards` (`deck_id`, `card_id`) VALUES
(514, 26000000),
(518, 26000000),
(521, 26000000),
(522, 26000000),
(524, 26000000),
(525, 26000000),
(529, 26000000),
(530, 26000000),
(533, 26000000),
(534, 26000000),
(548, 26000000),
(549, 26000000),
(552, 26000000),
(558, 26000000),
(559, 26000000),
(565, 26000000),
(568, 26000000),
(570, 26000000),
(578, 26000000),
(582, 26000000),
(586, 26000000),
(587, 26000000),
(597, 26000000),
(599, 26000000),
(601, 26000000),
(603, 26000000),
(607, 26000000),
(609, 26000000),
(614, 26000000),
(616, 26000000),
(618, 26000000),
(513, 26000001),
(522, 26000001),
(528, 26000001),
(530, 26000001),
(536, 26000001),
(538, 26000001),
(539, 26000001),
(540, 26000001),
(546, 26000001),
(548, 26000001),
(551, 26000001),
(552, 26000001),
(553, 26000001),
(554, 26000001),
(555, 26000001),
(572, 26000001),
(575, 26000001),
(577, 26000001),
(584, 26000001),
(594, 26000001),
(600, 26000001),
(614, 26000001),
(616, 26000001),
(618, 26000001),
(614, 26000002),
(616, 26000002),
(618, 26000002),
(516, 26000003),
(517, 26000003),
(519, 26000003),
(531, 26000003),
(537, 26000003),
(540, 26000003),
(547, 26000003),
(551, 26000003),
(555, 26000003),
(557, 26000003),
(562, 26000003),
(565, 26000003),
(568, 26000003),
(569, 26000003),
(578, 26000003),
(579, 26000003),
(580, 26000003),
(583, 26000003),
(585, 26000003),
(589, 26000003),
(590, 26000003),
(592, 26000003),
(597, 26000003),
(598, 26000003),
(610, 26000003),
(614, 26000003),
(616, 26000003),
(618, 26000003),
(614, 26000004),
(616, 26000004),
(618, 26000004),
(513, 26000005),
(515, 26000005),
(517, 26000005),
(518, 26000005),
(531, 26000005),
(540, 26000005),
(541, 26000005),
(543, 26000005),
(552, 26000005),
(554, 26000005),
(555, 26000005),
(556, 26000005),
(558, 26000005),
(562, 26000005),
(567, 26000005),
(569, 26000005),
(578, 26000005),
(583, 26000005),
(589, 26000005),
(596, 26000005),
(614, 26000005),
(616, 26000005),
(618, 26000005),
(614, 26000006),
(616, 26000006),
(618, 26000006),
(614, 26000007),
(616, 26000007),
(618, 26000007),
(514, 26000011),
(519, 26000011),
(522, 26000011),
(531, 26000011),
(532, 26000011),
(536, 26000011),
(542, 26000011),
(554, 26000011),
(560, 26000011),
(561, 26000011),
(564, 26000011),
(565, 26000011),
(568, 26000011),
(570, 26000011),
(575, 26000011),
(576, 26000011),
(583, 26000011),
(587, 26000011),
(591, 26000011),
(597, 26000011),
(604, 26000011),
(514, 26000014),
(517, 26000014),
(522, 26000014),
(531, 26000014),
(535, 26000014),
(537, 26000014),
(545, 26000014),
(548, 26000014),
(551, 26000014),
(556, 26000014),
(561, 26000014),
(563, 26000014),
(577, 26000014),
(586, 26000014),
(603, 26000014),
(610, 26000014),
(511, 26000015),
(513, 26000015),
(518, 26000015),
(519, 26000015),
(522, 26000015),
(523, 26000015),
(526, 26000015),
(529, 26000015),
(535, 26000015),
(538, 26000015),
(541, 26000015),
(546, 26000015),
(547, 26000015),
(550, 26000015),
(557, 26000015),
(561, 26000015),
(562, 26000015),
(563, 26000015),
(564, 26000015),
(565, 26000015),
(566, 26000015),
(576, 26000015),
(580, 26000015),
(581, 26000015),
(582, 26000015),
(588, 26000015),
(592, 26000015),
(593, 26000015),
(594, 26000015),
(599, 26000015),
(600, 26000015),
(602, 26000015),
(604, 26000015),
(608, 26000015),
(516, 26000021),
(522, 26000021),
(535, 26000021),
(537, 26000021),
(538, 26000021),
(543, 26000021),
(544, 26000021),
(549, 26000021),
(558, 26000021),
(559, 26000021),
(561, 26000021),
(564, 26000021),
(566, 26000021),
(570, 26000021),
(576, 26000021),
(581, 26000021),
(599, 26000021),
(602, 26000021),
(604, 26000021),
(512, 26000022),
(514, 26000022),
(515, 26000022),
(530, 26000022),
(533, 26000022),
(534, 26000022),
(537, 26000022),
(543, 26000022),
(545, 26000022),
(546, 26000022),
(548, 26000022),
(552, 26000022),
(553, 26000022),
(556, 26000022),
(560, 26000022),
(561, 26000022),
(567, 26000022),
(569, 26000022),
(570, 26000022),
(573, 26000022),
(575, 26000022),
(578, 26000022),
(584, 26000022),
(587, 26000022),
(588, 26000022),
(590, 26000022),
(593, 26000022),
(601, 26000022),
(603, 26000022),
(610, 26000022),
(518, 26000025),
(519, 26000025),
(522, 26000025),
(530, 26000025),
(532, 26000025),
(534, 26000025),
(536, 26000025),
(549, 26000025),
(556, 26000025),
(563, 26000025),
(568, 26000025),
(576, 26000025),
(584, 26000025),
(588, 26000025),
(589, 26000025),
(590, 26000025),
(593, 26000025),
(594, 26000025),
(596, 26000025),
(600, 26000025),
(601, 26000025),
(605, 26000025),
(606, 26000025),
(608, 26000025),
(610, 26000025),
(511, 26000026),
(523, 26000026),
(524, 26000026),
(525, 26000026),
(526, 26000026),
(532, 26000026),
(534, 26000026),
(540, 26000026),
(541, 26000026),
(543, 26000026),
(545, 26000026),
(549, 26000026),
(550, 26000026),
(551, 26000026),
(557, 26000026),
(568, 26000026),
(573, 26000026),
(577, 26000026),
(578, 26000026),
(579, 26000026),
(580, 26000026),
(581, 26000026),
(583, 26000026),
(586, 26000026),
(588, 26000026),
(594, 26000026),
(605, 26000026),
(606, 26000026),
(609, 26000026),
(513, 26000029),
(516, 26000029),
(517, 26000029),
(525, 26000029),
(526, 26000029),
(528, 26000029),
(536, 26000029),
(542, 26000029),
(545, 26000029),
(553, 26000029),
(554, 26000029),
(566, 26000029),
(579, 26000029),
(582, 26000029),
(587, 26000029),
(594, 26000029),
(596, 26000029),
(597, 26000029),
(598, 26000029),
(603, 26000029),
(515, 26000030),
(516, 26000030),
(526, 26000030),
(527, 26000030),
(532, 26000030),
(539, 26000030),
(543, 26000030),
(550, 26000030),
(551, 26000030),
(559, 26000030),
(563, 26000030),
(568, 26000030),
(571, 26000030),
(582, 26000030),
(585, 26000030),
(586, 26000030),
(591, 26000030),
(592, 26000030),
(595, 26000030),
(605, 26000030),
(514, 26000032),
(520, 26000032),
(527, 26000032),
(532, 26000032),
(543, 26000032),
(545, 26000032),
(546, 26000032),
(552, 26000032),
(554, 26000032),
(569, 26000032),
(571, 26000032),
(575, 26000032),
(589, 26000032),
(591, 26000032),
(596, 26000032),
(601, 26000032),
(608, 26000032),
(511, 26000035),
(512, 26000035),
(515, 26000035),
(519, 26000035),
(523, 26000035),
(524, 26000035),
(530, 26000035),
(541, 26000035),
(542, 26000035),
(544, 26000035),
(547, 26000035),
(549, 26000035),
(555, 26000035),
(556, 26000035),
(560, 26000035),
(562, 26000035),
(567, 26000035),
(569, 26000035),
(576, 26000035),
(590, 26000035),
(592, 26000035),
(595, 26000035),
(596, 26000035),
(607, 26000035),
(608, 26000035),
(517, 26000036),
(518, 26000036),
(521, 26000036),
(524, 26000036),
(526, 26000036),
(527, 26000036),
(529, 26000036),
(536, 26000036),
(537, 26000036),
(542, 26000036),
(544, 26000036),
(550, 26000036),
(554, 26000036),
(563, 26000036),
(565, 26000036),
(569, 26000036),
(573, 26000036),
(577, 26000036),
(581, 26000036),
(589, 26000036),
(593, 26000036),
(595, 26000036),
(600, 26000036),
(602, 26000036),
(604, 26000036),
(608, 26000036),
(609, 26000036),
(511, 26000038),
(519, 26000038),
(521, 26000038),
(524, 26000038),
(527, 26000038),
(531, 26000038),
(532, 26000038),
(533, 26000038),
(538, 26000038),
(550, 26000038),
(555, 26000038),
(557, 26000038),
(558, 26000038),
(561, 26000038),
(565, 26000038),
(572, 26000038),
(574, 26000038),
(577, 26000038),
(578, 26000038),
(579, 26000038),
(580, 26000038),
(582, 26000038),
(584, 26000038),
(588, 26000038),
(590, 26000038),
(591, 26000038),
(597, 26000038),
(602, 26000038),
(606, 26000038),
(512, 26000039),
(520, 26000039),
(525, 26000039),
(527, 26000039),
(529, 26000039),
(530, 26000039),
(535, 26000039),
(539, 26000039),
(553, 26000039),
(556, 26000039),
(557, 26000039),
(563, 26000039),
(576, 26000039),
(578, 26000039),
(583, 26000039),
(587, 26000039),
(590, 26000039),
(593, 26000039),
(595, 26000039),
(605, 26000039),
(514, 26000042),
(516, 26000042),
(521, 26000042),
(526, 26000042),
(527, 26000042),
(530, 26000042),
(532, 26000042),
(534, 26000042),
(535, 26000042),
(538, 26000042),
(550, 26000042),
(563, 26000042),
(567, 26000042),
(570, 26000042),
(571, 26000042),
(573, 26000042),
(574, 26000042),
(575, 26000042),
(582, 26000042),
(583, 26000042),
(590, 26000042),
(602, 26000042),
(604, 26000042),
(607, 26000042),
(608, 26000042),
(515, 26000044),
(528, 26000044),
(529, 26000044),
(533, 26000044),
(536, 26000044),
(538, 26000044),
(541, 26000044),
(554, 26000044),
(559, 26000044),
(560, 26000044),
(561, 26000044),
(562, 26000044),
(574, 26000044),
(585, 26000044),
(587, 26000044),
(589, 26000044),
(590, 26000044),
(598, 26000044),
(599, 26000044),
(605, 26000044),
(514, 26000045),
(516, 26000045),
(519, 26000045),
(520, 26000045),
(523, 26000045),
(524, 26000045),
(528, 26000045),
(529, 26000045),
(533, 26000045),
(534, 26000045),
(541, 26000045),
(546, 26000045),
(550, 26000045),
(555, 26000045),
(559, 26000045),
(560, 26000045),
(562, 26000045),
(564, 26000045),
(567, 26000045),
(572, 26000045),
(573, 26000045),
(574, 26000045),
(576, 26000045),
(584, 26000045),
(585, 26000045),
(589, 26000045),
(591, 26000045),
(592, 26000045),
(595, 26000045),
(600, 26000045),
(608, 26000045),
(610, 26000045),
(512, 26000046),
(516, 26000046),
(520, 26000046),
(523, 26000046),
(534, 26000046),
(540, 26000046),
(544, 26000046),
(545, 26000046),
(547, 26000046),
(549, 26000046),
(564, 26000046),
(566, 26000046),
(569, 26000046),
(571, 26000046),
(581, 26000046),
(591, 26000046),
(596, 26000046),
(597, 26000046),
(601, 26000046),
(602, 26000046),
(604, 26000046),
(605, 26000046),
(511, 27000001),
(513, 27000001),
(520, 27000001),
(524, 27000001),
(527, 27000001),
(528, 27000001),
(531, 27000001),
(544, 27000001),
(548, 27000001),
(553, 27000001),
(558, 27000001),
(560, 27000001),
(567, 27000001),
(570, 27000001),
(577, 27000001),
(580, 27000001),
(585, 27000001),
(600, 27000001),
(603, 27000001),
(609, 27000001),
(610, 27000001),
(513, 27000003),
(515, 27000003),
(521, 27000003),
(528, 27000003),
(530, 27000003),
(531, 27000003),
(535, 27000003),
(537, 27000003),
(540, 27000003),
(545, 27000003),
(547, 27000003),
(548, 27000003),
(549, 27000003),
(552, 27000003),
(556, 27000003),
(563, 27000003),
(570, 27000003),
(579, 27000003),
(593, 27000003),
(595, 27000003),
(599, 27000003),
(609, 27000003),
(520, 27000007),
(525, 27000007),
(540, 27000007),
(546, 27000007),
(558, 27000007),
(559, 27000007),
(562, 27000007),
(564, 27000007),
(566, 27000007),
(571, 27000007),
(572, 27000007),
(575, 27000007),
(581, 27000007),
(585, 27000007),
(596, 27000007),
(600, 27000007),
(601, 27000007),
(607, 27000007),
(609, 27000007),
(513, 27000012),
(515, 27000012),
(518, 27000012),
(525, 27000012),
(526, 27000012),
(533, 27000012),
(546, 27000012),
(547, 27000012),
(549, 27000012),
(552, 27000012),
(558, 27000012),
(571, 27000012),
(573, 27000012),
(577, 27000012),
(579, 27000012),
(583, 27000012),
(584, 27000012),
(586, 27000012),
(595, 27000012),
(598, 27000012),
(602, 27000012),
(603, 27000012),
(606, 27000012),
(512, 28000000),
(521, 28000000),
(529, 28000000),
(538, 28000000),
(539, 28000000),
(543, 28000000),
(547, 28000000),
(548, 28000000),
(555, 28000000),
(556, 28000000),
(557, 28000000),
(558, 28000000),
(571, 28000000),
(577, 28000000),
(579, 28000000),
(580, 28000000),
(583, 28000000),
(591, 28000000),
(592, 28000000),
(594, 28000000),
(595, 28000000),
(598, 28000000),
(599, 28000000),
(601, 28000000),
(602, 28000000),
(512, 28000001),
(514, 28000001),
(517, 28000001),
(518, 28000001),
(525, 28000001),
(535, 28000001),
(538, 28000001),
(539, 28000001),
(542, 28000001),
(550, 28000001),
(551, 28000001),
(553, 28000001),
(564, 28000001),
(566, 28000001),
(568, 28000001),
(572, 28000001),
(573, 28000001),
(574, 28000001),
(586, 28000001),
(593, 28000001),
(598, 28000001),
(599, 28000001),
(607, 28000001),
(520, 28000003),
(521, 28000003),
(523, 28000003),
(526, 28000003),
(527, 28000003),
(532, 28000003),
(539, 28000003),
(542, 28000003),
(544, 28000003),
(548, 28000003),
(557, 28000003),
(560, 28000003),
(565, 28000003),
(566, 28000003),
(567, 28000003),
(574, 28000003),
(582, 28000003),
(584, 28000003),
(599, 28000003),
(607, 28000003),
(609, 28000003),
(511, 28000005),
(519, 28000005),
(531, 28000005),
(536, 28000005),
(537, 28000005),
(542, 28000005),
(544, 28000005),
(551, 28000005),
(553, 28000005),
(555, 28000005),
(559, 28000005),
(574, 28000005),
(580, 28000005),
(581, 28000005),
(588, 28000005),
(591, 28000005),
(594, 28000005),
(598, 28000005),
(601, 28000005),
(604, 28000005),
(605, 28000005),
(606, 28000005),
(607, 28000005),
(513, 28000008),
(516, 28000008),
(517, 28000008),
(521, 28000008),
(523, 28000008),
(533, 28000008),
(537, 28000008),
(539, 28000008),
(541, 28000008),
(544, 28000008),
(545, 28000008),
(553, 28000008),
(561, 28000008),
(569, 28000008),
(570, 28000008),
(571, 28000008),
(572, 28000008),
(575, 28000008),
(585, 28000008),
(587, 28000008),
(588, 28000008),
(589, 28000008),
(592, 28000008),
(594, 28000008),
(597, 28000008),
(609, 28000008),
(610, 28000008),
(511, 28000010),
(512, 28000010),
(525, 28000010),
(536, 28000010),
(541, 28000010),
(547, 28000010),
(560, 28000010),
(562, 28000010),
(564, 28000010),
(565, 28000010),
(567, 28000010),
(578, 28000010),
(579, 28000010),
(584, 28000010),
(586, 28000010),
(587, 28000010),
(598, 28000010),
(604, 28000010),
(605, 28000010),
(606, 28000010),
(607, 28000010),
(608, 28000010),
(511, 28000011),
(520, 28000011),
(524, 28000011),
(528, 28000011),
(533, 28000011),
(535, 28000011),
(542, 28000011),
(543, 28000011),
(546, 28000011),
(572, 28000011),
(576, 28000011),
(580, 28000011),
(581, 28000011),
(588, 28000011),
(592, 28000011),
(603, 28000011),
(606, 28000011),
(610, 28000011),
(512, 28000015),
(515, 28000015),
(517, 28000015),
(518, 28000015),
(522, 28000015),
(523, 28000015),
(528, 28000015),
(529, 28000015),
(534, 28000015),
(539, 28000015),
(540, 28000015),
(551, 28000015),
(552, 28000015),
(554, 28000015),
(557, 28000015),
(559, 28000015),
(566, 28000015),
(568, 28000015),
(572, 28000015),
(573, 28000015),
(574, 28000015),
(575, 28000015),
(582, 28000015),
(585, 28000015),
(586, 28000015),
(593, 28000015),
(596, 28000015),
(597, 28000015),
(600, 28000015),
(603, 28000015),
(606, 28000015);

-- --------------------------------------------------------

--
-- Structure de la table `favorites`
--

CREATE TABLE `favorites` (
  `id` int(11) NOT NULL,
  `user_id` int(11) NOT NULL,
  `deck_id` int(11) NOT NULL,
  `created_at` datetime DEFAULT CURRENT_TIMESTAMP
) ENGINE=InnoDB DEFAULT CHARSET=utf8;

--
-- Déchargement des données de la table `favorites`
--

INSERT INTO `favorites` (`id`, `user_id`, `deck_id`, `created_at`) VALUES
(9, 4, 577, '2025-06-09 14:35:05'),
(13, 4, 579, '2025-06-14 19:41:43'),
(17, 4, 618, '2025-06-16 15:46:47');

-- --------------------------------------------------------

--
-- Structure de la table `users`
--

CREATE TABLE `users` (
  `id` int(11) NOT NULL,
  `firstname` varchar(50) NOT NULL,
  `lastname` varchar(25) NOT NULL,
  `email` varchar(150) DEFAULT NULL,
  `password` varchar(255) NOT NULL
) ENGINE=InnoDB DEFAULT CHARSET=utf8;

--
-- Déchargement des données de la table `users`
--

INSERT INTO `users` (`id`, `firstname`, `lastname`, `email`, `password`) VALUES
(3, 'Thomas', 'Fouquet', '16rueSaintSimon@gmail.com', 'Je sais ou t\'habites'),
(4, 'Clément', 'Hubert', 'c@gmail.com', '$2y$10$6uNtTHN7y6ZdQ7dLgytRz.ETsMz88GPis9P6p4khobRhWSYX2x2s6'),
(8, 'grag', 'fafaf', 'fr@gmail.com', '$2y$10$SadedavakagYJKCNsJ400urpw.s70STflP8ibxU9B8tzNegAepsle'),
(9, 'Admin', 'Admin', 'admin@admin.com', '$2y$10$1jdP8NZ.qgq4SlHwJieEtuemGiqaZ7SKqpUw4XPL8rNaaJaArUlD.'),
(10, 'fr', 'fr', 'l@gmail.com', '$2y$10$7w63tMO/AI7NuyWDUaLSpeWk/xZFFuWcxeKp.Zm7R6HKyOXGjDEOi');

--
-- Index pour les tables déchargées
--

--
-- Index pour la table `cards`
--
ALTER TABLE `cards`
  ADD PRIMARY KEY (`id`),
  ADD UNIQUE KEY `name` (`name`);

--
-- Index pour la table `community_messages`
--
ALTER TABLE `community_messages`
  ADD PRIMARY KEY (`id`),
  ADD KEY `user_id` (`user_id`);

--
-- Index pour la table `decks`
--
ALTER TABLE `decks`
  ADD PRIMARY KEY (`id`),
  ADD KEY `author_id` (`author_id`);

--
-- Index pour la table `deck_cards`
--
ALTER TABLE `deck_cards`
  ADD PRIMARY KEY (`deck_id`,`card_id`),
  ADD KEY `card_id` (`card_id`);

--
-- Index pour la table `favorites`
--
ALTER TABLE `favorites`
  ADD PRIMARY KEY (`id`),
  ADD UNIQUE KEY `user_id` (`user_id`,`deck_id`),
  ADD KEY `deck_id` (`deck_id`);

--
-- Index pour la table `users`
--
ALTER TABLE `users`
  ADD PRIMARY KEY (`id`),
  ADD UNIQUE KEY `username` (`firstname`),
  ADD UNIQUE KEY `email` (`email`) USING BTREE;

--
-- AUTO_INCREMENT pour les tables déchargées
--

--
-- AUTO_INCREMENT pour la table `cards`
--
ALTER TABLE `cards`
  MODIFY `id` int(11) NOT NULL AUTO_INCREMENT, AUTO_INCREMENT=28000025;

--
-- AUTO_INCREMENT pour la table `community_messages`
--
ALTER TABLE `community_messages`
  MODIFY `id` int(11) NOT NULL AUTO_INCREMENT, AUTO_INCREMENT=16;

--
-- AUTO_INCREMENT pour la table `decks`
--
ALTER TABLE `decks`
  MODIFY `id` int(11) NOT NULL AUTO_INCREMENT, AUTO_INCREMENT=619;

--
-- AUTO_INCREMENT pour la table `favorites`
--
ALTER TABLE `favorites`
  MODIFY `id` int(11) NOT NULL AUTO_INCREMENT, AUTO_INCREMENT=18;

--
-- AUTO_INCREMENT pour la table `users`
--
ALTER TABLE `users`
  MODIFY `id` int(11) NOT NULL AUTO_INCREMENT, AUTO_INCREMENT=11;

--
-- Contraintes pour les tables déchargées
--

--
-- Contraintes pour la table `community_messages`
--
ALTER TABLE `community_messages`
  ADD CONSTRAINT `community_messages_ibfk_1` FOREIGN KEY (`user_id`) REFERENCES `users` (`id`) ON DELETE CASCADE;

--
-- Contraintes pour la table `decks`
--
ALTER TABLE `decks`
  ADD CONSTRAINT `decks_ibfk_1` FOREIGN KEY (`author_id`) REFERENCES `users` (`id`);

--
-- Contraintes pour la table `deck_cards`
--
ALTER TABLE `deck_cards`
  ADD CONSTRAINT `deck_cards_ibfk_1` FOREIGN KEY (`deck_id`) REFERENCES `decks` (`id`) ON DELETE CASCADE,
  ADD CONSTRAINT `deck_cards_ibfk_2` FOREIGN KEY (`card_id`) REFERENCES `cards` (`id`) ON DELETE CASCADE;

--
-- Contraintes pour la table `favorites`
--
ALTER TABLE `favorites`
  ADD CONSTRAINT `favorites_ibfk_1` FOREIGN KEY (`user_id`) REFERENCES `users` (`id`) ON DELETE CASCADE,
  ADD CONSTRAINT `favorites_ibfk_2` FOREIGN KEY (`deck_id`) REFERENCES `decks` (`id`) ON DELETE CASCADE;
COMMIT;

/*!40101 SET CHARACTER_SET_CLIENT=@OLD_CHARACTER_SET_CLIENT */;
/*!40101 SET CHARACTER_SET_RESULTS=@OLD_CHARACTER_SET_RESULTS */;
/*!40101 SET COLLATION_CONNECTION=@OLD_COLLATION_CONNECTION */;
